N1,N2,N3,plan,path,vfft_ns,mkl_ns,vfft_gflops,ratio_vs_mkl,rt_err,route,engaged,flip
2,2,2,z:il3d,nat-oop,38,25,3.121,0.652,5.640e-17,-,0,0
2,2,2,z:il3d,nat-oop,38,25,3.132,0.651,5.640e-17,-,0,1
2,2,4,z:il3d,nat-oop,42,1114,7.647,26.614,6.522e-17,-,0,0
2,2,4,z:il3d,nat-oop,42,1025,7.667,24.569,6.522e-17,-,0,1
2,2,8,z:il3d,nat-oop,53,1146,14.995,21.489,1.848e-16,-,0,0
2,2,8,z:il3d,nat-oop,54,1059,14.886,19.711,1.848e-16,-,0,1
2,2,16,z:il3d,nat-oop,76,1311,25.309,17.284,2.119e-16,-,0,0
2,2,16,z:il3d,nat-oop,77,1274,25.018,16.596,2.119e-16,-,0,1
2,2,32,z:il3d,nat-oop,115,1512,39.096,13.197,1.496e-16,-,0,0
2,2,32,z:il3d,nat-oop,114,1412,39.433,12.427,1.496e-16,-,0,1
2,2,64,z:il3d,nat-oop,194,1938,52.794,9.992,2.542e-16,-,0,0
2,2,64,z:il3d,nat-oop,195,1784,52.537,9.155,2.542e-16,-,0,1
2,2,128,z:il3d,nat-oop,373,2654,61.806,7.120,2.965e-16,-,0,0
2,2,128,z:il3d,nat-oop,373,2550,61.704,6.830,2.965e-16,-,0,1
2,2,256,z:il3d,nat-oop,803,4514,63.726,5.618,2.968e-16,-,0,0
2,2,256,z:il3d,nat-oop,784,4161,65.301,5.308,2.968e-16,-,0,1
2,2,512,z:il3d,nat-oop,2879,8151,39.119,2.831,4.059e-16,-,0,0
2,2,512,z:il3d,nat-oop,2807,6841,40.127,2.437,4.059e-16,-,0,1
2,2,1024,z:il3d,nat-oop,5153,14384,47.688,2.791,3.724e-16,-,0,0
2,2,1024,z:il3d,nat-oop,6186,12470,39.729,2.016,3.724e-16,-,0,1
2,2,2048,z:il3d,nat-oop,12757,27636,41.739,2.166,3.134e-16,-,2900,0
2,2,2048,z:il3d,nat-oop,12682,24290,41.987,1.915,3.134e-16,-,2788,1
2,2,4096,z:il3d,nat-oop,28597,54113,40.105,1.892,3.586e-16,-,0,0
2,2,4096,z:il3d,nat-oop,28640,47715,40.044,1.666,3.586e-16,-,0,1
2,2,8192,z:il3d,nat-oop,42726,88967,57.520,2.082,5.074e-16,-,807,0
2,2,8192,z:il3d,nat-oop,43915,88957,55.963,2.026,5.074e-16,-,635,1
2,4,2,z:il3d,nat-oop,42,2479,7.661,59.342,9.497e-17,-,0,0
2,4,2,z:il3d,nat-oop,42,2288,7.671,54.847,9.497e-17,-,0,1
2,4,4,z:il3d,nat-oop,50,2557,16.072,51.360,1.780e-16,-,0,0
2,4,4,z:il3d,nat-oop,50,2423,16.077,48.701,1.780e-16,-,0,1
2,4,8,z:il3d,nat-oop,65,2591,29.708,40.083,2.751e-16,-,0,0
2,4,8,z:il3d,nat-oop,66,2422,29.272,36.933,2.751e-16,-,0,1
2,4,16,z:il3d,nat-oop,107,2725,41.925,25.506,2.411e-16,-,0,0
2,4,16,z:il3d,nat-oop,108,2959,41.591,27.467,2.411e-16,-,0,1
2,4,32,z:il3d,nat-oop,183,2844,55.894,15.526,1.645e-16,-,0,0
2,4,32,z:il3d,nat-oop,185,2856,55.501,15.478,1.645e-16,-,0,1
2,4,64,z:il3d,nat-oop,358,3678,64.375,10.276,2.993e-16,-,0,0
2,4,64,z:il3d,nat-oop,358,3452,64.431,9.653,2.993e-16,-,0,1
2,4,128,z:il3d,nat-oop,754,4872,67.902,6.461,2.735e-16,-,0,0
2,4,128,z:il3d,nat-oop,754,4944,67.944,6.561,2.735e-16,-,0,1
2,4,256,z:il3d,nat-oop,2128,7562,52.938,3.554,2.904e-16,-,0,0
2,4,256,z:il3d,nat-oop,2577,7308,43.711,2.836,2.904e-16,-,0,1
2,4,512,z:il3d,nat-oop,4360,11859,56.372,2.720,2.992e-16,-,5769,0
2,4,512,z:il3d,nat-oop,5709,11494,43.049,2.013,2.992e-16,-,5443,1
2,4,1024,z:il3d,nat-oop,10718,20216,49.681,1.886,4.078e-16,-,3149,0
2,4,1024,z:il3d,nat-oop,10737,20102,49.594,1.872,4.078e-16,-,2442,1
2,4,2048,z:il3d,nat-oop,21216,36933,54.056,1.741,3.794e-16,-,1453,0
2,4,2048,z:il3d,nat-oop,21118,35540,54.308,1.683,3.794e-16,-,1272,1
2,4,4096,z:il3d,nat-oop,31298,67544,78.522,2.158,3.398e-16,-,733,0
2,4,4096,z:il3d,nat-oop,30926,64577,79.467,2.088,3.398e-16,-,807,1
2,4,8192,z:il3d,nat-oop,78517,114253,66.774,1.455,4.086e-16,-,423,0
2,4,8192,z:il3d,nat-oop,80080,114130,65.471,1.425,4.086e-16,-,374,1
2,8,2,z:il3d,nat-oop,53,5355,15.024,100.558,2.564e-16,-,0,0
2,8,2,z:il3d,nat-oop,53,5420,14.983,101.517,2.564e-16,-,0,1
2,8,4,z:il3d,nat-oop,66,5217,29.151,79.214,1.508e-16,-,0,0
2,8,4,z:il3d,nat-oop,66,5396,29.113,81.813,1.508e-16,-,0,1
2,8,8,z:il3d,nat-oop,97,5425,46.170,55.909,1.916e-16,-,0,0
2,8,8,z:il3d,nat-oop,97,5362,46.093,55.169,1.916e-16,-,0,1
2,8,16,z:il3d,nat-oop,177,5405,57.824,30.522,2.677e-16,-,0,0
2,8,16,z:il3d,nat-oop,177,6477,57.715,36.507,2.677e-16,-,0,1
2,8,32,z:il3d,nat-oop,360,5897,64.022,16.386,2.483e-16,-,0,0
2,8,32,z:il3d,nat-oop,358,5864,64.426,16.398,2.483e-16,-,0,1
2,8,64,z:il3d,nat-oop,859,6721,59.580,7.821,2.763e-16,-,0,0
2,8,64,z:il3d,nat-oop,913,7079,56.093,7.755,2.763e-16,-,0,1
2,8,128,z:il3d,nat-oop,2764,9360,40.754,3.386,2.711e-16,-,0,0
2,8,128,z:il3d,nat-oop,2264,9298,49.754,4.107,2.711e-16,-,0,1
2,8,256,z:il3d,nat-oop,5542,13023,44.342,2.350,4.319e-16,-,0,0
2,8,256,z:il3d,nat-oop,5529,13791,44.450,2.494,4.319e-16,-,0,1
2,8,512,z:il3d,nat-oop,10766,20701,49.459,1.923,4.031e-16,-,2895,0
2,8,512,z:il3d,nat-oop,10809,19514,49.261,1.805,4.031e-16,-,2442,1
2,8,1024,z:il3d,nat-oop,16634,33899,68.950,2.038,4.082e-16,-,1452,0
2,8,1024,z:il3d,nat-oop,21420,31984,53.543,1.493,4.082e-16,-,1543,1
2,8,2048,z:il3d,nat-oop,38407,48211,63.989,1.255,3.804e-16,-,782,0
2,8,2048,z:il3d,nat-oop,37939,54084,64.777,1.426,3.804e-16,-,618,1
2,8,4096,z:il3d,nat-oop,57387,98540,91.361,1.717,4.089e-16,-,365,0
2,8,4096,z:il3d,nat-oop,57027,95783,91.937,1.680,4.089e-16,-,302,1
2,8,8192,z:il3d,nat-oop,103273,177840,107.880,1.722,6.040e-16,-,268,0
2,8,8192,z:il3d,nat-oop,105593,177227,105.510,1.678,6.040e-16,-,152,1
2,16,2,z:il3d,nat-oop,70,5659,27.474,80.973,1.400e-16,-,0,0
2,16,2,z:il3d,nat-oop,70,5385,27.433,76.937,1.400e-16,-,0,1
2,16,4,z:il3d,nat-oop,103,5333,43.695,52.014,1.862e-16,-,0,0
2,16,4,z:il3d,nat-oop,103,5229,43.523,50.804,1.862e-16,-,0,1
2,16,8,z:il3d,nat-oop,169,5589,60.650,33.103,2.281e-16,-,0,0
2,16,8,z:il3d,nat-oop,169,5796,60.470,34.225,2.281e-16,-,0,1
2,16,16,z:il3d,nat-oop,385,6138,59.774,15.923,3.393e-16,-,0,0
2,16,16,z:il3d,nat-oop,382,6794,60.380,17.804,3.393e-16,-,0,1
2,16,32,z:il3d,nat-oop,971,6556,52.733,6.752,2.652e-16,-,0,0
2,16,32,z:il3d,nat-oop,883,7764,57.985,8.793,2.652e-16,-,0,1
2,16,64,z:il3d,nat-oop,2201,9094,51.186,4.132,2.493e-16,-,0,0
2,16,64,z:il3d,nat-oop,2693,8986,41.830,3.337,2.493e-16,-,0,1
2,16,128,z:il3d,nat-oop,5799,12829,42.381,2.212,3.016e-16,-,0,0
2,16,128,z:il3d,nat-oop,5755,12822,42.701,2.228,3.016e-16,-,0,1
2,16,256,z:il3d,nat-oop,12806,20285,41.581,1.584,5.032e-16,-,2816,0
2,16,256,z:il3d,nat-oop,13025,21036,40.881,1.615,5.032e-16,-,2852,1
2,16,512,z:il3d,nat-oop,25447,32591,45.070,1.281,4.186e-16,-,1417,0
2,16,512,z:il3d,nat-oop,29673,32648,38.651,1.100,4.186e-16,-,1254,1
2,16,1024,z:il3d,nat-oop,38367,51856,64.055,1.352,4.793e-16,-,794,0
2,16,1024,z:il3d,nat-oop,37815,54069,64.991,1.430,4.793e-16,-,795,1
2,16,2048,z:il3d,nat-oop,100653,96330,52.088,0.957,4.114e-16,-,358,0
2,16,2048,z:il3d,nat-oop,99927,98757,52.467,0.988,4.114e-16,-,306,1
2,16,4096,z:il3d,nat-oop,115393,174533,96.549,1.513,5.852e-16,-,247,0
2,16,4096,z:il3d,nat-oop,115380,173240,96.560,1.501,5.852e-16,-,156,1
2,16,8192,z:il3d,nat-oop,309425,368200,76.248,1.190,1.064e-15,-,119,0
2,16,8192,z:il3d,nat-oop,311562,362812,75.725,1.164,1.064e-15,-,98,1
2,32,2,z:il3d,nat-oop,129,5621,34.704,43.543,1.918e-16,-,0,0
2,32,2,z:il3d,nat-oop,129,5179,34.675,40.087,1.918e-16,-,0,1
2,32,4,z:il3d,nat-oop,196,5158,52.330,26.359,2.616e-16,-,0,0
2,32,4,z:il3d,nat-oop,196,5349,52.299,27.321,2.616e-16,-,0,1
2,32,8,z:il3d,nat-oop,366,6258,62.892,17.081,3.673e-16,-,0,0
2,32,8,z:il3d,nat-oop,370,5863,62.338,15.864,3.673e-16,-,0,1
2,32,16,z:il3d,nat-oop,824,8127,62.121,9.860,2.663e-16,-,0,0
2,32,16,z:il3d,nat-oop,808,7321,63.331,9.055,2.663e-16,-,0,1
2,32,32,z:il3d,nat-oop,2363,8479,47.668,3.588,3.040e-16,-,0,0
2,32,32,z:il3d,nat-oop,2830,8149,39.796,2.879,3.040e-16,-,0,1
2,32,64,z:il3d,nat-oop,6169,13010,39.835,2.109,3.012e-16,-,0,0
2,32,64,z:il3d,nat-oop,5177,13682,47.475,2.643,3.012e-16,-,0,1
2,32,128,z:il3d,nat-oop,13764,19980,38.685,1.452,3.914e-16,-,2803,0
2,32,128,z:il3d,nat-oop,13998,19818,38.041,1.416,3.914e-16,-,2742,1
2,32,256,z:il3d,nat-oop,26898,33337,42.639,1.239,3.670e-16,-,1575,0
2,32,256,z:il3d,nat-oop,27027,36212,42.435,1.340,3.670e-16,-,1318,1
2,32,512,z:il3d,nat-oop,51643,51682,47.589,1.001,3.581e-16,-,817,0
2,32,512,z:il3d,nat-oop,61095,52039,40.226,0.852,3.581e-16,-,708,1
2,32,1024,z:il3d,nat-oop,101117,98013,51.850,0.969,5.301e-16,-,368,0
2,32,1024,z:il3d,nat-oop,90453,94343,57.962,1.043,5.301e-16,-,324,1
2,32,2048,z:il3d,nat-oop,144107,168260,77.312,1.168,7.204e-16,-,186,0
2,32,2048,z:il3d,nat-oop,143460,168647,77.660,1.176,7.204e-16,-,171,1
2,32,4096,z:il3d,nat-oop,295763,363625,79.770,1.229,1.086e-15,-,98,0
2,32,4096,z:il3d,nat-oop,300625,354887,78.480,1.180,1.086e-15,-,114,1
2,32,8192,z:il3d,nat-oop,634200,737338,78.536,1.163,2.417e-15,-,90,0
2,32,8192,z:il3d,nat-oop,693775,732538,71.792,1.056,2.417e-15,-,82,1
2,64,2,z:il3d,nat-oop,234,5875,43.840,25.151,2.538e-16,-,0,0
2,64,2,z:il3d,nat-oop,237,5564,43.170,23.458,2.538e-16,-,0,1
2,64,4,z:il3d,nat-oop,413,6002,55.755,14.524,3.368e-16,-,0,0
2,64,4,z:il3d,nat-oop,408,5948,56.403,14.562,3.368e-16,-,0,1
2,64,8,z:il3d,nat-oop,787,7696,65.071,9.781,2.834e-16,-,0,0
2,64,8,z:il3d,nat-oop,788,6924,64.961,8.785,2.834e-16,-,0,1
2,64,16,z:il3d,nat-oop,2632,9846,42.795,3.741,3.145e-16,-,0,0
2,64,16,z:il3d,nat-oop,2586,8599,43.565,3.326,3.145e-16,-,0,1
2,64,32,z:il3d,nat-oop,5539,13033,44.366,2.353,4.271e-16,-,0,0
2,64,32,z:il3d,nat-oop,5789,12884,42.453,2.226,4.271e-16,-,0,1
2,64,64,z:il3d,nat-oop,9848,21447,54.070,2.178,2.659e-16,-,2944,0
2,64,64,z:il3d,nat-oop,13253,19558,40.178,1.476,2.659e-16,-,2840,1
2,64,128,z:il3d,nat-oop,29127,34434,39.375,1.182,6.065e-16,-,1656,0
2,64,128,z:il3d,nat-oop,28696,33651,39.967,1.173,6.065e-16,-,1483,1
2,64,256,z:il3d,nat-oop,37272,52751,65.937,1.415,3.592e-16,-,954,0
2,64,256,z:il3d,nat-oop,45284,53228,54.271,1.175,3.592e-16,-,801,1
2,64,512,z:il3d,nat-oop,96373,97983,54.402,1.017,5.311e-16,-,352,0
2,64,512,z:il3d,nat-oop,97070,94093,54.011,0.969,5.311e-16,-,302,1
2,64,1024,z:il3d,nat-oop,133353,164700,83.546,1.235,5.424e-16,-,188,0
2,64,1024,z:il3d,nat-oop,135133,168953,82.445,1.250,5.424e-16,-,152,1
2,64,2048,z:il3d,nat-oop,424125,392238,55.627,0.925,1.047e-15,-,93,0
2,64,2048,z:il3d,nat-oop,312550,371062,75.485,1.187,1.047e-15,-,96,1
2,64,4096,z:il3d,nat-oop,663075,743063,75.116,1.121,2.423e-15,-,88,0
2,64,4096,z:il3d,nat-oop,688200,731400,72.373,1.063,2.423e-15,-,86,1
2,64,8192,z:il3d,nat-oop,1473637,1597763,71.156,1.084,3.396e-15,-,87,0
2,64,8192,z:il3d,nat-oop,1549000,1573888,67.694,1.016,3.396e-15,-,82,1
2,128,2,z:il3d,nat-oop,475,8479,48.520,17.855,2.449e-16,-,0,0
2,128,2,z:il3d,nat-oop,477,5927,48.345,12.436,2.449e-16,-,0,1
2,128,4,z:il3d,nat-oop,950,9772,53.917,10.291,3.428e-16,-,0,0
2,128,4,z:il3d,nat-oop,957,10825,53.495,11.310,3.428e-16,-,0,1
2,128,8,z:il3d,nat-oop,3099,12232,36.341,3.947,4.156e-16,-,0,0
2,128,8,z:il3d,nat-oop,2837,9270,39.703,3.267,4.156e-16,-,0,1
2,128,16,z:il3d,nat-oop,7560,12402,32.507,1.640,3.495e-16,-,0,0
2,128,16,z:il3d,nat-oop,7567,12707,32.477,1.679,3.495e-16,-,0,1
2,128,32,z:il3d,nat-oop,13159,20557,40.464,1.562,3.935e-16,-,3012,0
2,128,32,z:il3d,nat-oop,13440,21871,39.619,1.627,3.935e-16,-,3382,1
2,128,64,z:il3d,nat-oop,35766,38779,32.066,1.084,5.160e-16,-,1442,0
2,128,64,z:il3d,nat-oop,35271,37346,32.516,1.059,5.160e-16,-,1222,1
2,128,128,z:il3d,nat-oop,56185,54177,43.741,0.964,4.451e-16,-,696,0
2,128,128,z:il3d,nat-oop,48489,54159,50.684,1.117,4.451e-16,-,688,1
2,128,256,z:il3d,nat-oop,101053,95847,51.882,0.948,4.980e-16,-,395,0
2,128,256,z:il3d,nat-oop,92667,102293,56.578,1.104,4.980e-16,-,362,1
2,128,512,z:il3d,nat-oop,144480,176027,77.112,1.218,4.625e-16,-,188,0
2,128,512,z:il3d,nat-oop,171227,173453,65.066,1.013,4.625e-16,-,205,1
2,128,1024,z:il3d,nat-oop,321100,384988,73.475,1.199,1.086e-15,-,106,0
2,128,1024,z:il3d,nat-oop,372587,392512,63.322,1.053,1.086e-15,-,103,1
2,128,2048,z:il3d,nat-oop,761012,752312,65.449,0.989,2.325e-15,-,97,0
2,128,2048,z:il3d,nat-oop,733525,776012,67.901,1.058,2.325e-15,-,82,1
2,128,4096,z:il3d,nat-oop,1702250,1658775,61.599,0.974,3.183e-15,-,84,0
2,128,4096,z:il3d,nat-oop,1774338,1662875,59.097,0.937,3.183e-15,-,83,1
2,128,8192,z:il3d,nat-oop,4917087,3951050,44.783,0.804,5.298e-15,-,83,0
2,128,8192,z:il3d,nat-oop,5120575,3893475,43.003,0.760,5.298e-15,-,82,1
2,256,2,z:il3d,nat-oop,1083,10899,47.268,10.062,3.105e-16,-,0,0
2,256,2,z:il3d,nat-oop,1081,6795,47.380,6.288,3.105e-16,-,0,1
2,256,4,z:il3d,nat-oop,3121,8865,36.090,2.840,3.044e-16,-,0,0
2,256,4,z:il3d,nat-oop,3346,8618,33.662,2.575,3.044e-16,-,0,1
2,256,8,z:il3d,nat-oop,6534,17700,37.615,2.709,3.663e-16,-,0,0
2,256,8,z:il3d,nat-oop,6593,13256,37.277,2.011,3.663e-16,-,0,1
2,256,16,z:il3d,nat-oop,17229,23414,30.906,1.359,4.287e-16,-,0,0
2,256,16,z:il3d,nat-oop,14602,19591,36.466,1.342,4.287e-16,-,0,1
2,256,32,z:il3d,nat-oop,25604,35037,44.793,1.368,3.457e-16,-,1412,0
2,256,32,z:il3d,nat-oop,27411,35825,41.841,1.307,3.457e-16,-,1222,1
2,256,64,z:il3d,nat-oop,36564,54821,67.214,1.499,3.502e-16,-,746,0
2,256,64,z:il3d,nat-oop,53221,53302,46.177,1.002,3.502e-16,-,672,1
2,256,128,z:il3d,nat-oop,95687,100663,54.792,1.052,4.659e-16,-,429,0
2,256,128,z:il3d,nat-oop,117063,101030,44.787,0.863,4.659e-16,-,302,1
2,256,256,z:il3d,nat-oop,141187,181073,78.911,1.283,6.483e-16,-,209,0
2,256,256,z:il3d,nat-oop,131247,180847,84.887,1.378,6.483e-16,-,152,1
2,256,512,z:il3d,nat-oop,382550,374238,61.673,0.978,1.027e-15,-,94,0
2,256,512,z:il3d,nat-oop,344575,370550,68.470,1.075,1.027e-15,-,104,1
2,256,1024,z:il3d,nat-oop,727025,822000,68.508,1.131,2.472e-15,-,100,0
2,256,1024,z:il3d,nat-oop,724337,819688,68.763,1.132,2.472e-15,-,92,1
2,256,2048,z:il3d,nat-oop,1772612,1731288,59.154,0.977,3.586e-15,-,84,0
2,256,2048,z:il3d,nat-oop,1770950,1702875,59.210,0.962,3.586e-15,-,82,1
2,256,4096,z:il3d,nat-oop,5259750,3933987,41.865,0.748,5.582e-15,-,83,0
2,256,4096,z:il3d,nat-oop,5231638,4018775,42.090,0.768,5.582e-15,-,83,1
2,256,8192,z:il3d,nat-oop,11000163,9914950,41.942,0.901,6.796e-15,-,82,0
2,256,8192,z:il3d,nat-oop,11098638,9776550,41.570,0.881,6.796e-15,-,82,1
2,512,2,z:il3d,nat-oop,3003,9318,37.508,3.103,4.155e-16,-,0,0
2,512,2,z:il3d,nat-oop,2994,9212,37.616,3.076,4.155e-16,-,0,1
2,512,4,z:il3d,nat-oop,7520,24718,32.679,3.287,4.112e-16,-,0,0
2,512,4,z:il3d,nat-oop,6497,12177,37.828,1.874,4.112e-16,-,0,1
2,512,8,z:il3d,nat-oop,15463,31322,34.436,2.026,3.958e-16,-,0,0
2,512,8,z:il3d,nat-oop,15305,30754,34.792,2.009,3.958e-16,-,0,1
2,512,16,z:il3d,nat-oop,30117,35863,38.081,1.191,5.520e-16,-,1386,0
2,512,16,z:il3d,nat-oop,31615,37071,36.277,1.173,5.520e-16,-,1358,1
2,512,32,z:il3d,nat-oop,38534,54554,63.777,1.416,5.057e-16,-,747,0
2,512,32,z:il3d,nat-oop,41438,54007,59.308,1.303,5.057e-16,-,673,1
2,512,64,z:il3d,nat-oop,88550,108997,59.208,1.231,4.966e-16,-,358,0
2,512,64,z:il3d,nat-oop,89553,108417,58.545,1.211,4.966e-16,-,302,1
2,512,128,z:il3d,nat-oop,149520,196207,74.513,1.312,5.492e-16,-,181,0
2,512,128,z:il3d,nat-oop,148860,183907,74.843,1.235,5.492e-16,-,209,1
2,512,256,z:il3d,nat-oop,363662,415525,64.876,1.143,1.094e-15,-,95,0
2,512,256,z:il3d,nat-oop,367275,443513,64.238,1.208,1.094e-15,-,87,1
2,512,512,z:il3d,nat-oop,717775,860537,69.391,1.199,2.344e-15,-,98,0
2,512,512,z:il3d,nat-oop,735900,838375,67.682,1.139,2.344e-15,-,93,1
2,512,1024,z:il3d,nat-oop,1718987,1785437,61.000,1.039,3.214e-15,-,84,0
2,512,1024,z:il3d,nat-oop,1722775,1899500,60.866,1.103,3.214e-15,-,84,1
2,512,2048,z:il3d,nat-oop,5200250,4480837,42.344,0.862,5.208e-15,-,82,0
2,512,2048,z:il3d,nat-oop,5227412,4175000,42.124,0.799,5.208e-15,-,82,1
2,512,4096,z:il3d,nat-oop,12751288,9789838,36.182,0.768,6.149e-15,-,82,0
2,512,4096,z:il3d,nat-oop,12772912,9751662,36.121,0.763,6.149e-15,-,82,1
2,1024,2,z:il3d,nat-oop,6858,25882,35.833,3.774,3.964e-16,-,0,0
2,1024,2,z:il3d,nat-oop,6912,13413,35.554,1.941,3.964e-16,-,0,1
2,1024,4,z:il3d,nat-oop,13714,44014,38.828,3.209,3.276e-16,-,0,0
2,1024,4,z:il3d,nat-oop,13756,42592,38.709,3.096,3.276e-16,-,0,1
2,1024,8,z:il3d,nat-oop,26913,57170,42.614,2.124,3.866e-16,-,1557,0
2,1024,8,z:il3d,nat-oop,29766,36420,38.530,1.224,3.866e-16,-,1376,1
2,1024,16,z:il3d,nat-oop,44167,55854,55.643,1.265,4.148e-16,-,832,0
2,1024,16,z:il3d,nat-oop,51872,54438,47.378,1.049,4.148e-16,-,786,1
2,1024,32,z:il3d,nat-oop,95160,104077,55.095,1.094,4.254e-16,-,339,0
2,1024,32,z:il3d,nat-oop,116570,102970,44.976,0.883,4.254e-16,-,323,1
2,1024,64,z:il3d,nat-oop,151020,191907,73.772,1.271,5.625e-16,-,244,0
2,1024,64,z:il3d,nat-oop,159987,191213,69.638,1.195,5.625e-16,-,192,1
2,1024,128,z:il3d,nat-oop,402775,424513,58.576,1.054,9.893e-16,-,107,0
2,1024,128,z:il3d,nat-oop,367063,405938,64.275,1.106,9.893e-16,-,121,1
2,1024,256,z:il3d,nat-oop,683062,921588,72.918,1.349,2.165e-15,-,88,0
2,1024,256,z:il3d,nat-oop,708175,910050,70.332,1.285,2.165e-15,-,83,1
2,1024,512,z:il3d,nat-oop,1748362,1952412,59.975,1.117,3.431e-15,-,84,0
2,1024,512,z:il3d,nat-oop,1740350,1931038,60.251,1.110,3.431e-15,-,83,1
2,1024,1024,z:il3d,nat-oop,4553763,4663512,48.356,1.024,5.422e-15,-,82,0
2,1024,1024,z:il3d,nat-oop,4539050,4631650,48.513,1.020,5.422e-15,-,82,1
2,1024,2048,z:il3d,nat-oop,11384525,10457375,40.526,0.919,6.110e-15,-,82,0
2,1024,2048,z:il3d,nat-oop,11328812,10329337,40.726,0.912,6.110e-15,-,82,1
2,2048,2,z:il3d,nat-oop,13178,46199,40.407,3.506,3.698e-16,-,2760,0
2,2048,2,z:il3d,nat-oop,15108,22097,35.244,1.463,3.698e-16,-,2944,1
2,2048,4,z:il3d,nat-oop,28084,81710,40.837,2.909,3.428e-16,-,1397,0
2,2048,4,z:il3d,nat-oop,29471,33843,38.915,1.148,3.428e-16,-,1319,1
2,2048,8,z:il3d,nat-oop,51882,58923,47.369,1.136,3.789e-16,-,786,0
2,2048,8,z:il3d,nat-oop,50980,55616,48.207,1.091,3.789e-16,-,829,1
2,2048,16,z:il3d,nat-oop,83220,105493,63.000,1.268,3.743e-16,-,456,0
2,2048,16,z:il3d,nat-oop,81700,105483,64.172,1.291,3.743e-16,-,323,1
2,2048,32,z:il3d,nat-oop,190460,209947,58.496,1.102,6.353e-16,-,205,0
2,2048,32,z:il3d,nat-oop,193600,208253,57.547,1.076,6.353e-16,-,167,1
2,2048,64,z:il3d,nat-oop,385275,430963,61.237,1.119,1.069e-15,-,100,0
2,2048,64,z:il3d,nat-oop,384525,447475,61.356,1.164,1.069e-15,-,89,1
2,2048,128,z:il3d,nat-oop,1033087,998275,48.212,0.966,2.374e-15,-,86,0
2,2048,128,z:il3d,nat-oop,1003675,1004362,49.625,1.001,2.374e-15,-,82,1
2,2048,256,z:il3d,nat-oop,1998237,2056537,52.475,1.029,3.293e-15,-,84,0
2,2048,256,z:il3d,nat-oop,1959175,2036612,53.521,1.040,3.293e-15,-,82,1
2,2048,512,z:il3d,nat-oop,5288962,4835938,41.634,0.914,5.278e-15,-,82,0
2,2048,512,z:il3d,nat-oop,4977862,4801313,44.236,0.965,5.278e-15,-,82,1
2,2048,1024,z:il3d,nat-oop,13541975,12120812,34.070,0.895,6.707e-15,-,82,0
2,2048,1024,z:il3d,nat-oop,12399325,11451413,37.210,0.924,6.707e-15,-,82,1
2,4096,2,z:il3d,nat-oop,27283,88312,42.037,3.237,3.661e-16,-,1399,0
2,4096,2,z:il3d,nat-oop,28930,40251,39.644,1.391,3.661e-16,-,1483,1
2,4096,4,z:il3d,nat-oop,49803,61084,49.346,1.226,3.589e-16,-,736,0
2,4096,4,z:il3d,nat-oop,49687,58700,49.462,1.181,3.589e-16,-,836,1
2,4096,8,z:il3d,nat-oop,100897,110030,51.963,1.091,3.743e-16,-,443,0
2,4096,8,z:il3d,nat-oop,100893,109613,51.965,1.086,3.743e-16,-,341,1
2,4096,16,z:il3d,nat-oop,199400,196627,55.873,0.986,5.955e-16,-,189,0
2,4096,16,z:il3d,nat-oop,195467,192993,56.998,0.987,5.955e-16,-,197,1
2,4096,32,z:il3d,nat-oop,466688,519863,50.554,1.114,1.012e-15,-,92,0
2,4096,32,z:il3d,nat-oop,478575,512388,49.298,1.071,1.012e-15,-,91,1
2,4096,64,z:il3d,nat-oop,864212,1068638,57.633,1.237,2.237e-15,-,95,0
2,4096,64,z:il3d,nat-oop,876562,938400,56.821,1.071,2.237e-15,-,84,1
2,4096,128,z:il3d,nat-oop,2752675,2262550,38.093,0.822,3.247e-15,-,83,0
2,4096,128,z:il3d,nat-oop,2464775,2275263,42.542,0.923,3.247e-15,-,82,1
2,4096,256,z:il3d,nat-oop,6270650,4891763,35.116,0.780,5.619e-15,-,82,0
2,4096,256,z:il3d,nat-oop,6047150,4833813,36.414,0.799,5.619e-15,-,83,1
2,4096,512,z:il3d,nat-oop,11909513,12040550,38.740,1.011,6.472e-15,-,82,0
2,4096,512,z:il3d,nat-oop,11727212,12021712,39.342,1.025,6.472e-15,-,82,1
2,8192,2,z:il3d,nat-oop,50770,79544,48.406,1.567,3.937e-16,-,709,0
2,8192,2,z:il3d,nat-oop,50907,72351,48.277,1.421,3.937e-16,-,700,1
2,8192,4,z:il3d,nat-oop,98230,113603,53.374,1.157,4.241e-16,-,412,0
2,8192,4,z:il3d,nat-oop,101513,117633,51.647,1.159,4.241e-16,-,350,1
2,8192,8,z:il3d,nat-oop,160100,225440,69.589,1.408,7.249e-16,-,198,0
2,8192,8,z:il3d,nat-oop,156760,223847,71.071,1.428,7.249e-16,-,198,1
2,8192,16,z:il3d,nat-oop,519337,487588,45.429,0.939,1.024e-15,-,90,0
2,8192,16,z:il3d,nat-oop,518775,493800,45.478,0.952,1.024e-15,-,89,1
2,8192,32,z:il3d,nat-oop,899813,999050,55.353,1.110,2.158e-15,-,93,0
2,8192,32,z:il3d,nat-oop,900037,1117763,55.339,1.242,2.158e-15,-,86,1
2,8192,64,z:il3d,nat-oop,2452125,2228312,42.762,0.909,2.996e-15,-,83,0
2,8192,64,z:il3d,nat-oop,2457725,2322787,42.664,0.945,2.996e-15,-,83,1
2,8192,128,z:il3d,nat-oop,6168925,5461013,35.695,0.885,5.129e-15,-,82,0
2,8192,128,z:il3d,nat-oop,6410688,5415150,34.349,0.845,5.129e-15,-,82,1
2,8192,256,z:il3d,nat-oop,12691475,12496550,36.353,0.985,6.542e-15,-,82,0
2,8192,256,z:il3d,nat-oop,13402212,12405613,34.425,0.926,6.542e-15,-,82,1
4,2,2,z:il3d,nat-oop,63,2391,5.042,37.670,1.587e-16,-,0,0
4,2,2,z:il3d,nat-oop,63,2368,5.050,37.366,1.587e-16,-,0,1
4,2,4,z:il3d,nat-oop,71,2340,11.215,32.796,1.771e-16,-,0,0
4,2,4,z:il3d,nat-oop,71,2396,11.189,33.507,1.771e-16,-,0,1
4,2,8,z:il3d,nat-oop,91,2512,21.059,27.553,1.256e-16,-,0,0
4,2,8,z:il3d,nat-oop,91,2432,21.081,26.699,1.256e-16,-,0,1
4,2,16,z:il3d,nat-oop,139,2716,32.320,19.597,1.656e-16,-,0,0
4,2,16,z:il3d,nat-oop,139,2412,32.305,17.393,1.656e-16,-,0,1
4,2,32,z:il3d,nat-oop,219,2859,46.815,13.071,1.797e-16,-,0,0
4,2,32,z:il3d,nat-oop,220,3223,46.460,14.622,1.797e-16,-,0,1
4,2,64,z:il3d,nat-oop,399,3212,57.778,8.054,2.699e-16,-,0,0
4,2,64,z:il3d,nat-oop,402,3272,57.339,8.143,2.699e-16,-,0,1
4,2,128,z:il3d,nat-oop,783,4804,65.352,6.132,3.107e-16,-,0,0
4,2,128,z:il3d,nat-oop,785,4342,65.182,5.528,3.107e-16,-,0,1
4,2,256,z:il3d,nat-oop,2332,6627,48.300,2.842,4.083e-16,-,0,0
4,2,256,z:il3d,nat-oop,2361,6128,47.707,2.595,4.083e-16,-,0,1
4,2,512,z:il3d,nat-oop,4374,9952,56.187,2.275,4.187e-16,-,5992,0
4,2,512,z:il3d,nat-oop,4429,9600,55.493,2.168,4.187e-16,-,6488,1
4,2,1024,z:il3d,nat-oop,7342,17046,72.527,2.322,3.987e-16,-,3976,0
4,2,1024,z:il3d,nat-oop,6493,16624,82.008,2.560,3.987e-16,-,2442,1
4,2,2048,z:il3d,nat-oop,14093,32430,81.382,2.301,3.941e-16,-,2168,0
4,2,2048,z:il3d,nat-oop,14522,31884,78.975,2.196,3.941e-16,-,1645,1
4,2,4096,z:il3d,nat-oop,24930,50874,98.582,2.041,3.974e-16,-,996,0
4,2,4096,z:il3d,nat-oop,24744,53797,99.320,2.174,3.974e-16,-,612,1
4,2,8192,z:il3d,nat-oop,40610,98270,129.103,2.420,5.368e-16,-,474,0
4,2,8192,z:il3d,nat-oop,48657,97833,107.753,2.011,5.368e-16,-,341,1
4,4,2,z:il3d,nat-oop,72,1329,11.164,18.549,1.942e-16,-,0,0
4,4,2,z:il3d,nat-oop,73,1263,11.028,17.412,1.942e-16,-,0,1
4,4,4,z:il3d,nat-oop,87,71,21.944,0.815,3.324e-16,-,0,0
4,4,4,z:il3d,nat-oop,86,71,22.383,0.831,3.324e-16,-,0,1
4,4,8,z:il3d,nat-oop,121,1425,36.987,11.761,2.134e-16,-,0,0
4,4,8,z:il3d,nat-oop,122,1393,36.853,11.458,2.134e-16,-,0,1
4,4,16,z:il3d,nat-oop,211,1521,48.469,7.198,2.391e-16,-,0,0
4,4,16,z:il3d,nat-oop,210,1508,48.754,7.179,2.391e-16,-,0,1
4,4,32,z:il3d,nat-oop,372,1734,61.955,4.663,2.501e-16,-,0,0
4,4,32,z:il3d,nat-oop,372,1806,61.993,4.861,2.501e-16,-,0,1
4,4,64,z:il3d,nat-oop,803,2566,63.779,3.197,3.192e-16,-,0,0
4,4,64,z:il3d,nat-oop,770,2553,66.452,3.313,3.192e-16,-,0,1
4,4,128,z:il3d,nat-oop,2033,3600,55.395,1.770,3.329e-16,-,0,0
4,4,128,z:il3d,nat-oop,2264,3658,49.756,1.616,3.329e-16,-,0,1
4,4,256,z:il3d,nat-oop,3468,6627,70.864,1.911,3.715e-16,-,6154,0
4,4,256,z:il3d,nat-oop,3572,6107,68.803,1.710,3.715e-16,-,6203,1
4,4,512,z:il3d,nat-oop,8560,9630,62.204,1.125,5.577e-16,-,3018,0
4,4,512,z:il3d,nat-oop,6707,9429,79.392,1.406,5.577e-16,-,2844,1
4,4,1024,z:il3d,nat-oop,12096,17302,94.816,1.430,3.607e-16,-,1660,0
4,4,1024,z:il3d,nat-oop,12026,17493,95.365,1.455,3.607e-16,-,1222,1
4,4,2048,z:il3d,nat-oop,23061,33748,106.571,1.463,3.310e-16,-,805,0
4,4,2048,z:il3d,nat-oop,23221,33766,105.834,1.454,3.310e-16,-,652,1
4,4,4096,z:il3d,nat-oop,42687,55867,122.822,1.309,4.473e-16,-,467,0
4,4,4096,z:il3d,nat-oop,42680,56227,122.842,1.317,4.473e-16,-,352,1
4,4,8192,z:il3d,nat-oop,58067,114427,191.868,1.971,4.936e-16,-,235,0
4,4,8192,z:il3d,nat-oop,59000,114287,188.833,1.937,4.936e-16,-,228,1
4,8,2,z:il3d,nat-oop,91,4583,21.084,50.333,1.326e-16,-,0,0
4,8,2,z:il3d,nat-oop,91,4828,21.061,52.959,1.326e-16,-,0,1
4,8,4,z:il3d,nat-oop,120,4410,37.478,36.895,1.997e-16,-,0,0
4,8,4,z:il3d,nat-oop,119,4720,37.520,39.533,1.997e-16,-,0,1
4,8,8,z:il3d,nat-oop,181,4467,56.428,24.617,2.302e-16,-,0,0
4,8,8,z:il3d,nat-oop,182,4413,56.388,24.301,2.302e-16,-,0,1
4,8,16,z:il3d,nat-oop,358,4577,64.278,12.770,2.112e-16,-,0,0
4,8,16,z:il3d,nat-oop,360,4733,64.068,13.161,2.112e-16,-,0,1
4,8,32,z:il3d,nat-oop,785,5201,65.263,6.629,2.221e-16,-,0,0
4,8,32,z:il3d,nat-oop,729,6204,70.247,8.512,2.221e-16,-,0,1
4,8,64,z:il3d,nat-oop,2047,6385,55.026,3.119,2.976e-16,-,0,0
4,8,64,z:il3d,nat-oop,2365,7177,47.623,3.034,2.976e-16,-,0,1
4,8,128,z:il3d,nat-oop,3463,9004,70.961,2.600,3.921e-16,-,6297,0
4,8,128,z:il3d,nat-oop,4231,8683,58.086,2.052,3.921e-16,-,5591,1
4,8,256,z:il3d,nat-oop,7034,13136,75.696,1.867,3.851e-16,-,4190,0
4,8,256,z:il3d,nat-oop,5427,13669,98.116,2.519,3.851e-16,-,2909,1
4,8,512,z:il3d,nat-oop,11027,20058,104.006,1.819,4.918e-16,-,2414,0
4,8,512,z:il3d,nat-oop,11365,19869,100.916,1.748,4.918e-16,-,1222,1
4,8,1024,z:il3d,nat-oop,18195,32120,135.069,1.765,4.306e-16,-,879,0
4,8,1024,z:il3d,nat-oop,22013,31875,111.643,1.448,4.306e-16,-,612,1
4,8,2048,z:il3d,nat-oop,40353,51027,129.924,1.264,3.438e-16,-,422,0
4,8,2048,z:il3d,nat-oop,40167,51490,130.528,1.282,3.438e-16,-,302,1
4,8,4096,z:il3d,nat-oop,52807,89700,210.979,1.699,4.295e-16,-,244,0
4,8,4096,z:il3d,nat-oop,54033,90107,206.190,1.668,4.295e-16,-,171,1
4,8,8192,z:il3d,nat-oop,111950,188587,210.746,1.685,9.820e-16,-,125,0
4,8,8192,z:il3d,nat-oop,111087,187975,212.382,1.692,9.820e-16,-,83,1
4,16,2,z:il3d,nat-oop,128,4296,35.097,33.658,1.775e-16,-,0,0
4,16,2,z:il3d,nat-oop,127,4319,35.273,34.006,1.775e-16,-,0,1
4,16,4,z:il3d,nat-oop,192,4681,53.214,24.327,2.435e-16,-,0,0
4,16,4,z:il3d,nat-oop,195,4695,52.523,24.082,2.435e-16,-,0,1
4,16,8,z:il3d,nat-oop,337,4896,68.333,14.521,2.810e-16,-,0,0
4,16,8,z:il3d,nat-oop,338,4683,68.157,13.853,2.810e-16,-,0,1
4,16,16,z:il3d,nat-oop,781,5485,65.597,7.027,2.121e-16,-,0,0
4,16,16,z:il3d,nat-oop,785,4917,65.186,6.260,2.121e-16,-,0,1
4,16,32,z:il3d,nat-oop,2478,7075,45.460,2.856,3.086e-16,-,0,0
4,16,32,z:il3d,nat-oop,2153,6152,52.323,2.858,3.086e-16,-,0,1
4,16,64,z:il3d,nat-oop,3603,8580,68.205,2.381,3.001e-16,-,8875,0
4,16,64,z:il3d,nat-oop,4727,9449,51.990,1.999,3.001e-16,-,4882,1
4,16,128,z:il3d,nat-oop,6396,12979,83.248,2.029,2.885e-16,-,4130,0
4,16,128,z:il3d,nat-oop,8414,13173,63.289,1.566,2.885e-16,-,3069,1
4,16,256,z:il3d,nat-oop,12636,21523,90.762,1.703,3.492e-16,-,2137,0
4,16,256,z:il3d,nat-oop,14048,20903,81.638,1.488,3.492e-16,-,1698,1
4,16,512,z:il3d,nat-oop,22702,31784,108.257,1.400,4.447e-16,-,1144,0
4,16,512,z:il3d,nat-oop,29985,32543,81.960,1.085,4.447e-16,-,745,1
4,16,1024,z:il3d,nat-oop,33703,54080,155.560,1.605,4.335e-16,-,445,0
4,16,1024,z:il3d,nat-oop,41003,52620,127.865,1.283,4.335e-16,-,448,1
4,16,2048,z:il3d,nat-oop,74913,88667,148.720,1.184,4.868e-16,-,260,0
4,16,2048,z:il3d,nat-oop,74673,91300,149.198,1.223,4.868e-16,-,181,1
4,16,4096,z:il3d,nat-oop,153500,184237,153.700,1.200,9.675e-16,-,139,0
4,16,4096,z:il3d,nat-oop,155837,180900,151.395,1.161,9.675e-16,-,82,1
4,16,8192,z:il3d,nat-oop,319963,380025,155.666,1.188,1.756e-15,-,98,0
4,16,8192,z:il3d,nat-oop,321550,376738,154.898,1.172,1.756e-15,-,82,1
4,32,2,z:il3d,nat-oop,251,4765,40.755,18.963,2.185e-16,-,0,0
4,32,2,z:il3d,nat-oop,255,4657,40.204,18.283,2.185e-16,-,0,1
4,32,4,z:il3d,nat-oop,398,4844,57.830,12.158,2.276e-16,-,0,0
4,32,4,z:il3d,nat-oop,396,4778,58.160,12.060,2.276e-16,-,0,1
4,32,8,z:il3d,nat-oop,744,5897,68.796,7.924,2.349e-16,-,0,0
4,32,8,z:il3d,nat-oop,745,5151,68.715,6.913,2.349e-16,-,0,1
4,32,16,z:il3d,nat-oop,2563,5995,43.943,2.339,2.991e-16,-,0,0
4,32,16,z:il3d,nat-oop,2183,6660,51.596,3.051,2.991e-16,-,0,1
4,32,32,z:il3d,nat-oop,3696,8338,66.492,2.256,3.008e-16,-,6197,0
4,32,32,z:il3d,nat-oop,3639,8264,67.536,2.271,3.008e-16,-,4882,1
4,32,64,z:il3d,nat-oop,6515,13306,81.734,2.042,3.089e-16,-,4489,0
4,32,64,z:il3d,nat-oop,8700,13096,61.205,1.505,3.089e-16,-,3309,1
4,32,128,z:il3d,nat-oop,11711,21432,97.928,1.830,4.528e-16,-,2401,0
4,32,128,z:il3d,nat-oop,14508,20557,79.050,1.417,4.528e-16,-,1490,1
4,32,256,z:il3d,nat-oop,23980,32785,102.484,1.367,5.901e-16,-,1217,0
4,32,256,z:il3d,nat-oop,28239,35857,87.028,1.270,5.901e-16,-,612,1
4,32,512,z:il3d,nat-oop,42277,51330,124.014,1.214,4.628e-16,-,557,0
4,32,512,z:il3d,nat-oop,47610,53167,110.121,1.117,4.628e-16,-,439,1
4,32,1024,z:il3d,nat-oop,68507,89847,162.628,1.312,5.348e-16,-,305,0
4,32,1024,z:il3d,nat-oop,60040,88200,185.562,1.469,5.348e-16,-,152,1
4,32,2048,z:il3d,nat-oop,157025,182575,150.250,1.163,9.659e-16,-,124,0
4,32,2048,z:il3d,nat-oop,145887,178912,161.720,1.226,9.659e-16,-,146,1
4,32,4096,z:il3d,nat-oop,328975,379800,151.402,1.154,1.847e-15,-,122,0
4,32,4096,z:il3d,nat-oop,318150,375838,156.553,1.181,1.847e-15,-,110,1
4,32,8192,z:il3d,nat-oop,815163,777900,128.634,0.954,2.551e-15,-,86,0
4,32,8192,z:il3d,nat-oop,816025,828575,128.498,1.015,2.551e-15,-,82,1
4,64,2,z:il3d,nat-oop,474,5523,48.559,11.641,2.359e-16,-,0,0
4,64,2,z:il3d,nat-oop,484,4393,47.652,9.085,2.359e-16,-,0,1
4,64,4,z:il3d,nat-oop,851,5833,60.175,6.856,3.190e-16,-,0,0
4,64,4,z:il3d,nat-oop,900,6479,56.905,7.201,3.190e-16,-,0,1
4,64,8,z:il3d,nat-oop,2090,8370,53.906,4.006,2.948e-16,-,0,0
4,64,8,z:il3d,nat-oop,2307,8093,48.817,3.508,2.948e-16,-,0,1
4,64,16,z:il3d,nat-oop,4814,8722,51.052,1.812,2.984e-16,-,5853,0
4,64,16,z:il3d,nat-oop,4763,9863,51.603,2.071,2.984e-16,-,6450,1
4,64,32,z:il3d,nat-oop,6718,12366,79.256,1.841,3.834e-16,-,3177,0
4,64,32,z:il3d,nat-oop,9170,12321,58.067,1.344,3.834e-16,-,2867,1
4,64,64,z:il3d,nat-oop,11473,22400,99.964,1.952,3.321e-16,-,1723,0
4,64,64,z:il3d,nat-oop,14767,20833,77.664,1.411,3.321e-16,-,1222,1
4,64,128,z:il3d,nat-oop,27246,32908,90.201,1.208,4.239e-16,-,1152,0
4,64,128,z:il3d,nat-oop,27416,33192,89.640,1.211,4.239e-16,-,916,1
4,64,256,z:il3d,nat-oop,43877,52473,119.491,1.196,3.582e-16,-,409,0
4,64,256,z:il3d,nat-oop,47823,53670,109.630,1.122,3.582e-16,-,373,1
4,64,512,z:il3d,nat-oop,73280,86947,152.035,1.186,5.879e-16,-,218,0
4,64,512,z:il3d,nat-oop,68107,86747,163.583,1.274,5.879e-16,-,202,1
4,64,1024,z:il3d,nat-oop,144900,183062,162.822,1.263,9.123e-16,-,114,0
4,64,1024,z:il3d,nat-oop,141363,179962,166.897,1.273,9.123e-16,-,82,1
4,64,2048,z:il3d,nat-oop,319738,378113,155.776,1.183,1.930e-15,-,118,0
4,64,2048,z:il3d,nat-oop,323013,377763,154.196,1.169,1.930e-15,-,84,1
4,64,4096,z:il3d,nat-oop,815850,781825,128.526,0.958,2.635e-15,-,92,0
4,64,4096,z:il3d,nat-oop,778338,868150,134.720,1.115,2.635e-15,-,89,1
4,64,8192,z:il3d,nat-oop,3174525,2120025,69.365,0.668,2.908e-15,-,83,0
4,64,8192,z:il3d,nat-oop,3181825,2099400,69.206,0.660,2.908e-15,-,82,1
4,128,2,z:il3d,nat-oop,974,5316,52.558,5.457,3.501e-16,-,0,0
4,128,2,z:il3d,nat-oop,1023,7442,50.033,7.273,3.501e-16,-,0,1
4,128,4,z:il3d,nat-oop,2630,9956,42.835,3.786,3.678e-16,-,0,0
4,128,4,z:il3d,nat-oop,2925,6159,38.504,2.105,3.678e-16,-,0,1
4,128,8,z:il3d,nat-oop,4172,11697,58.902,2.803,3.545e-16,-,7038,0
4,128,8,z:il3d,nat-oop,5576,11924,44.074,2.138,3.545e-16,-,4882,1
4,128,16,z:il3d,nat-oop,11012,13627,48.355,1.237,4.218e-16,-,2888,0
4,128,16,z:il3d,nat-oop,10806,14123,49.278,1.307,4.218e-16,-,2531,1
4,128,32,z:il3d,nat-oop,13560,21638,84.579,1.596,3.800e-16,-,1584,0
4,128,32,z:il3d,nat-oop,14361,20402,79.863,1.421,3.800e-16,-,1550,1
4,128,64,z:il3d,nat-oop,32484,37793,75.657,1.163,4.635e-16,-,763,0
4,128,64,z:il3d,nat-oop,35775,36856,68.695,1.030,4.635e-16,-,764,1
4,128,128,z:il3d,nat-oop,59647,56593,87.899,0.949,5.033e-16,-,519,0
4,128,128,z:il3d,nat-oop,49837,54070,105.201,1.085,5.033e-16,-,336,1
4,128,256,z:il3d,nat-oop,66000,94420,168.805,1.431,5.939e-16,-,270,0
4,128,256,z:il3d,nat-oop,86400,93307,128.948,1.080,5.939e-16,-,171,1
4,128,512,z:il3d,nat-oop,168800,188175,139.769,1.115,1.018e-15,-,129,0
4,128,512,z:il3d,nat-oop,150738,189463,156.517,1.257,1.018e-15,-,95,1
4,128,1024,z:il3d,nat-oop,327737,412738,151.973,1.259,1.916e-15,-,95,0
4,128,1024,z:il3d,nat-oop,351987,395225,141.503,1.123,1.916e-15,-,82,1
4,128,2048,z:il3d,nat-oop,914513,810000,114.660,0.886,2.423e-15,-,87,0
4,128,2048,z:il3d,nat-oop,917662,889000,114.266,0.969,2.423e-15,-,86,1
4,128,4096,z:il3d,nat-oop,4174087,2275800,52.754,0.545,2.583e-15,-,85,0
4,128,4096,z:il3d,nat-oop,4252163,1981138,51.786,0.466,2.583e-15,-,82,1
4,128,8192,z:il3d,nat-oop,9166225,5469650,50.334,0.597,7.487e-15,-,82,0
4,128,8192,z:il3d,nat-oop,9058313,5440262,50.934,0.601,7.487e-15,-,82,1
4,256,2,z:il3d,nat-oop,2498,8979,45.095,3.595,3.850e-16,-,0,0
4,256,2,z:il3d,nat-oop,2809,10156,40.094,3.615,3.850e-16,-,0,1
4,256,4,z:il3d,nat-oop,6090,8364,40.354,1.373,5.178e-16,-,6302,0
4,256,4,z:il3d,nat-oop,6077,8338,40.442,1.372,5.178e-16,-,5114,1
4,256,8,z:il3d,nat-oop,12047,17750,44.200,1.473,4.078e-16,-,2849,0
4,256,8,z:il3d,nat-oop,11271,17922,47.242,1.590,4.078e-16,-,3429,1
4,256,16,z:il3d,nat-oop,17129,23815,66.957,1.390,3.591e-16,-,1507,0
4,256,16,z:il3d,nat-oop,16842,22361,68.097,1.328,3.591e-16,-,1222,1
4,256,32,z:il3d,nat-oop,30875,34084,79.597,1.104,3.748e-16,-,995,0
4,256,32,z:il3d,nat-oop,30293,34590,81.126,1.142,3.748e-16,-,612,1
4,256,64,z:il3d,nat-oop,49190,56217,106.584,1.143,4.035e-16,-,446,0
4,256,64,z:il3d,nat-oop,58760,56723,89.225,0.965,4.035e-16,-,352,1
4,256,128,z:il3d,nat-oop,68073,90460,163.663,1.329,5.477e-16,-,220,0
4,256,128,z:il3d,nat-oop,78300,91093,142.288,1.163,5.477e-16,-,198,1
4,256,256,z:il3d,nat-oop,147525,187663,159.925,1.272,9.641e-16,-,114,0
4,256,256,z:il3d,nat-oop,158225,183637,149.110,1.161,9.641e-16,-,82,1
4,256,512,z:il3d,nat-oop,357838,406675,139.190,1.136,1.865e-15,-,108,0
4,256,512,z:il3d,nat-oop,356000,399925,139.908,1.123,1.865e-15,-,90,1
4,256,1024,z:il3d,nat-oop,843200,836763,124.357,0.992,2.502e-15,-,86,0
4,256,1024,z:il3d,nat-oop,879100,843638,119.278,0.960,2.502e-15,-,82,1
4,256,2048,z:il3d,nat-oop,3319663,2044612,66.332,0.616,2.452e-15,-,84,0
4,256,2048,z:il3d,nat-oop,3314950,2173638,66.427,0.656,2.452e-15,-,82,1
4,256,4096,z:il3d,nat-oop,11037687,5667712,41.800,0.513,7.435e-15,-,82,0
4,256,4096,z:il3d,nat-oop,11083300,6024937,41.628,0.544,7.435e-15,-,82,1
4,512,2,z:il3d,nat-oop,4279,15352,57.435,3.588,3.688e-16,-,6794,0
4,512,2,z:il3d,nat-oop,4350,15223,56.499,3.500,3.688e-16,-,4888,1
4,512,4,z:il3d,nat-oop,12942,22743,41.143,1.757,4.683e-16,-,2825,0
4,512,4,z:il3d,nat-oop,13026,13817,40.878,1.061,4.683e-16,-,2691,1
4,512,8,z:il3d,nat-oop,15275,29154,75.080,1.909,3.398e-16,-,2019,0
4,512,8,z:il3d,nat-oop,16099,30045,71.238,1.866,3.398e-16,-,1222,1
4,512,16,z:il3d,nat-oop,35218,36487,69.782,1.036,3.739e-16,-,751,0
4,512,16,z:il3d,nat-oop,35249,39854,69.721,1.131,3.739e-16,-,612,1
4,512,32,z:il3d,nat-oop,67997,55347,77.105,0.814,5.436e-16,-,526,0
4,512,32,z:il3d,nat-oop,68123,55717,76.962,0.818,5.436e-16,-,302,1
4,512,64,z:il3d,nat-oop,70587,102433,157.836,1.451,4.966e-16,-,220,0
4,512,64,z:il3d,nat-oop,94340,102633,118.095,1.088,4.966e-16,-,205,1
4,512,128,z:il3d,nat-oop,147513,200900,159.939,1.362,1.077e-15,-,144,0
4,512,128,z:il3d,nat-oop,155400,203737,151.821,1.311,1.077e-15,-,109,1
4,512,256,z:il3d,nat-oop,370337,422000,134.492,1.140,1.836e-15,-,94,0
4,512,256,z:il3d,nat-oop,368925,415150,135.007,1.125,1.836e-15,-,82,1
4,512,512,z:il3d,nat-oop,897375,909038,116.849,1.013,2.392e-15,-,86,0
4,512,512,z:il3d,nat-oop,925525,913000,113.295,0.986,2.392e-15,-,82,1
4,512,1024,z:il3d,nat-oop,4177300,2233688,52.714,0.535,2.693e-15,-,83,0
4,512,1024,z:il3d,nat-oop,4128575,2247425,53.336,0.544,2.693e-15,-,83,1
4,512,2048,z:il3d,nat-oop,10800313,5987150,42.719,0.554,6.621e-15,-,82,0
4,512,2048,z:il3d,nat-oop,10882688,5895475,42.395,0.542,6.621e-15,-,82,1
4,1024,2,z:il3d,nat-oop,8660,25578,61.486,2.954,4.181e-16,-,3205,0
4,1024,2,z:il3d,nat-oop,9416,24528,56.551,2.605,4.181e-16,-,3014,1
4,1024,4,z:il3d,nat-oop,13498,42872,84.964,3.176,3.543e-16,-,1575,0
4,1024,4,z:il3d,nat-oop,15420,41171,74.374,2.670,3.543e-16,-,1773,1
4,1024,8,z:il3d,nat-oop,30179,55144,81.435,1.827,3.696e-16,-,798,0
4,1024,8,z:il3d,nat-oop,29390,38252,83.620,1.302,3.696e-16,-,612,1
4,1024,16,z:il3d,nat-oop,54923,56103,95.458,1.021,4.249e-16,-,439,0
4,1024,16,z:il3d,nat-oop,56247,54983,93.212,0.978,4.249e-16,-,302,1
4,1024,32,z:il3d,nat-oop,88940,95773,125.266,1.077,6.089e-16,-,233,0
4,1024,32,z:il3d,nat-oop,87007,92707,128.049,1.066,6.089e-16,-,171,1
4,1024,64,z:il3d,nat-oop,182700,200975,129.135,1.100,9.211e-16,-,128,0
4,1024,64,z:il3d,nat-oop,188875,205213,124.913,1.086,9.211e-16,-,91,1
4,1024,128,z:il3d,nat-oop,379162,432713,131.362,1.141,1.851e-15,-,118,0
4,1024,128,z:il3d,nat-oop,375725,426800,132.563,1.136,1.851e-15,-,82,1
4,1024,256,z:il3d,nat-oop,984612,974250,106.496,0.989,2.350e-15,-,86,0
4,1024,256,z:il3d,nat-oop,1005163,972950,104.319,0.968,2.350e-15,-,84,1
4,1024,512,z:il3d,nat-oop,3230325,2388662,68.167,0.739,2.799e-15,-,83,0
4,1024,512,z:il3d,nat-oop,3151962,2346963,69.862,0.745,2.799e-15,-,82,1
4,1024,1024,z:il3d,nat-oop,8410675,6676425,54.856,0.794,7.743e-15,-,82,0
4,1024,1024,z:il3d,nat-oop,8238575,6852050,56.002,0.832,7.743e-15,-,82,1
4,2048,2,z:il3d,nat-oop,29125,44968,39.378,1.544,3.931e-16,-,0,0
4,2048,2,z:il3d,nat-oop,33077,23998,34.673,0.726,3.931e-16,-,0,1
4,2048,4,z:il3d,nat-oop,28316,35657,86.791,1.259,3.841e-16,-,925,0
4,2048,4,z:il3d,nat-oop,29367,65566,83.685,2.233,3.841e-16,-,785,1
4,2048,8,z:il3d,nat-oop,54377,59580,96.418,1.096,4.452e-16,-,389,0
4,2048,8,z:il3d,nat-oop,49760,61283,105.363,1.232,4.452e-16,-,431,1
4,2048,16,z:il3d,nat-oop,85933,98787,129.648,1.150,3.589e-16,-,208,0
4,2048,16,z:il3d,nat-oop,88893,95267,125.331,1.072,3.589e-16,-,152,1
4,2048,32,z:il3d,nat-oop,194150,225963,121.519,1.164,9.934e-16,-,150,0
4,2048,32,z:il3d,nat-oop,191375,223375,123.281,1.167,9.934e-16,-,109,1
4,2048,64,z:il3d,nat-oop,412988,450637,120.603,1.091,1.766e-15,-,103,0
4,2048,64,z:il3d,nat-oop,417125,469350,119.406,1.125,1.766e-15,-,104,1
4,2048,128,z:il3d,nat-oop,1262075,1102437,83.083,0.874,2.508e-15,-,84,0
4,2048,128,z:il3d,nat-oop,1272838,1100463,82.381,0.865,2.508e-15,-,82,1
4,2048,256,z:il3d,nat-oop,3309600,2446662,66.534,0.739,2.413e-15,-,83,0
4,2048,256,z:il3d,nat-oop,3244650,2441325,67.866,0.752,2.413e-15,-,83,1
4,2048,512,z:il3d,nat-oop,8470150,7157900,54.471,0.845,7.354e-15,-,82,0
4,2048,512,z:il3d,nat-oop,8462725,7027475,54.518,0.830,7.354e-15,-,82,1
4,4096,2,z:il3d,nat-oop,52144,84418,47.131,1.619,5.320e-16,-,704,0
4,4096,2,z:il3d,nat-oop,51816,81469,47.429,1.572,5.320e-16,-,828,1
4,4096,4,z:il3d,nat-oop,81140,64983,64.615,0.801,4.427e-16,-,362,0
4,4096,4,z:il3d,nat-oop,88020,62540,59.565,0.711,4.427e-16,-,370,1
4,4096,8,z:il3d,nat-oop,122393,101040,91.027,0.826,5.914e-16,-,243,0
4,4096,8,z:il3d,nat-oop,121907,103300,91.391,0.847,5.914e-16,-,201,1
4,4096,16,z:il3d,nat-oop,221000,204900,106.755,0.927,9.611e-16,-,104,0
4,4096,16,z:il3d,nat-oop,218962,203662,107.749,0.930,9.611e-16,-,82,1
4,4096,32,z:il3d,nat-oop,469725,511050,106.035,1.088,1.909e-15,-,91,0
4,4096,32,z:il3d,nat-oop,457612,467488,108.842,1.022,1.909e-15,-,82,1
4,4096,64,z:il3d,nat-oop,1225913,1067300,85.534,0.871,2.502e-15,-,87,0
4,4096,64,z:il3d,nat-oop,1225000,1074663,85.598,0.877,2.502e-15,-,83,1
4,4096,128,z:il3d,nat-oop,3639387,2635038,60.505,0.724,2.752e-15,-,83,0
4,4096,128,z:il3d,nat-oop,3742675,2684175,58.835,0.717,2.752e-15,-,82,1
4,4096,256,z:il3d,nat-oop,9132750,7246050,50.519,0.793,7.273e-15,-,82,0
4,4096,256,z:il3d,nat-oop,8983838,7207550,51.356,0.802,7.273e-15,-,82,1
4,8192,2,z:il3d,nat-oop,54963,78640,95.389,1.431,4.418e-16,-,440,0
4,8192,2,z:il3d,nat-oop,56067,77173,93.512,1.376,4.418e-16,-,302,1
4,8192,4,z:il3d,nat-oop,78753,114447,141.469,1.453,7.942e-16,-,328,0
4,8192,4,z:il3d,nat-oop,80613,110920,138.204,1.376,7.942e-16,-,182,1
4,8192,8,z:il3d,nat-oop,194750,230400,121.145,1.183,7.690e-16,-,132,0
4,8192,8,z:il3d,nat-oop,178487,229150,132.183,1.284,7.690e-16,-,82,1
4,8192,16,z:il3d,nat-oop,526700,508463,94.565,0.965,1.775e-15,-,94,0
4,8192,16,z:il3d,nat-oop,544300,510550,91.507,0.938,1.775e-15,-,86,1
4,8192,32,z:il3d,nat-oop,1239075,1127675,84.626,0.910,2.636e-15,-,88,0
4,8192,32,z:il3d,nat-oop,1233950,1139837,84.977,0.924,2.636e-15,-,83,1
4,8192,64,z:il3d,nat-oop,3999975,2863887,55.051,0.716,2.614e-15,-,83,0
4,8192,64,z:il3d,nat-oop,3990250,2655875,55.185,0.666,2.614e-15,-,84,1
4,8192,128,z:il3d,nat-oop,10365113,7655188,44.512,0.739,6.618e-15,-,82,0
4,8192,128,z:il3d,nat-oop,10283950,7697387,44.863,0.748,6.618e-15,-,82,1
8,2,2,z:il3d,nat-oop,122,4885,6.567,40.097,2.859e-16,-,0,0
8,2,2,z:il3d,nat-oop,122,5362,6.540,43.836,2.859e-16,-,0,1
8,2,4,z:il3d,nat-oop,138,5006,13.952,36.380,2.687e-16,-,0,0
8,2,4,z:il3d,nat-oop,138,5052,13.929,36.654,2.687e-16,-,0,1
8,2,8,z:il3d,nat-oop,179,5188,25.044,29.003,1.769e-16,-,0,0
8,2,8,z:il3d,nat-oop,180,5222,24.935,29.065,1.769e-16,-,0,1
8,2,16,z:il3d,nat-oop,279,5315,36.719,19.061,2.450e-16,-,0,0
8,2,16,z:il3d,nat-oop,280,5607,36.524,19.998,2.450e-16,-,0,1
8,2,32,z:il3d,nat-oop,497,5667,46.339,11.398,3.498e-16,-,0,0
8,2,32,z:il3d,nat-oop,494,5688,46.630,11.512,3.498e-16,-,0,1
8,2,64,z:il3d,nat-oop,827,7532,61.887,9.104,3.206e-16,-,0,0
8,2,64,z:il3d,nat-oop,838,7134,61.084,8.511,3.206e-16,-,0,1
8,2,128,z:il3d,nat-oop,2682,8875,41.991,3.308,4.454e-16,-,0,0
8,2,128,z:il3d,nat-oop,2353,7222,47.865,3.069,4.454e-16,-,0,1
8,2,256,z:il3d,nat-oop,2991,11298,82.161,3.777,3.115e-16,-,9346,0
8,2,256,z:il3d,nat-oop,2760,10883,89.029,3.943,3.115e-16,-,5894,1
8,2,512,z:il3d,nat-oop,5251,15031,101.401,2.862,3.611e-16,-,3219,0
8,2,512,z:il3d,nat-oop,5235,15068,101.719,2.878,3.611e-16,-,2442,1
8,2,1024,z:il3d,nat-oop,8616,25212,133.117,2.926,3.397e-16,-,1648,0
8,2,1024,z:il3d,nat-oop,8959,24720,128.014,2.759,3.397e-16,-,1352,1
8,2,2048,z:il3d,nat-oop,14003,37462,175.502,2.675,3.410e-16,-,946,0
8,2,2048,z:il3d,nat-oop,14167,37772,173.471,2.666,3.410e-16,-,612,1
8,2,4096,z:il3d,nat-oop,25100,70277,208.880,2.800,3.917e-16,-,719,0
8,2,4096,z:il3d,nat-oop,24017,69297,218.302,2.885,3.917e-16,-,302,1
8,2,8192,z:il3d,nat-oop,42960,133913,259.337,3.117,4.876e-16,-,249,0
8,2,8192,z:il3d,nat-oop,44287,133287,251.568,3.010,4.876e-16,-,152,1
8,4,2,z:il3d,nat-oop,139,4570,13.829,32.918,1.290e-16,-,0,0
8,4,2,z:il3d,nat-oop,140,4492,13.705,32.068,1.290e-16,-,0,1
8,4,4,z:il3d,nat-oop,168,4077,26.712,24.311,2.032e-16,-,0,0
8,4,4,z:il3d,nat-oop,168,4397,26.733,26.240,2.032e-16,-,0,1
8,4,8,z:il3d,nat-oop,240,4381,42.616,18.233,2.497e-16,-,0,0
8,4,8,z:il3d,nat-oop,241,4348,42.459,18.031,2.497e-16,-,0,1
8,4,16,z:il3d,nat-oop,420,4567,54.849,10.872,3.374e-16,-,0,0
8,4,16,z:il3d,nat-oop,422,4528,54.612,10.734,3.374e-16,-,0,1
8,4,32,z:il3d,nat-oop,780,4743,65.649,6.081,2.066e-16,-,0,0
8,4,32,z:il3d,nat-oop,776,5201,65.952,6.700,2.066e-16,-,0,1
8,4,64,z:il3d,nat-oop,2374,6915,47.452,2.913,2.429e-16,-,0,0
8,4,64,z:il3d,nat-oop,2325,6648,48.443,2.859,2.429e-16,-,0,1
8,4,128,z:il3d,nat-oop,2805,7691,87.624,2.742,4.253e-16,-,9695,0
8,4,128,z:il3d,nat-oop,2904,8535,84.637,2.940,4.253e-16,-,6522,1
8,4,256,z:il3d,nat-oop,4796,12013,111.028,2.505,3.762e-16,-,3464,0
8,4,256,z:il3d,nat-oop,4957,10675,107.429,2.154,3.762e-16,-,2442,1
8,4,512,z:il3d,nat-oop,8588,16464,133.549,1.917,4.233e-16,-,1790,0
8,4,512,z:il3d,nat-oop,8892,16291,128.982,1.832,4.233e-16,-,1230,1
8,4,1024,z:il3d,nat-oop,12279,26618,200.152,2.168,3.635e-16,-,1008,0
8,4,1024,z:il3d,nat-oop,12457,28561,197.281,2.293,3.635e-16,-,1151,1
8,4,2048,z:il3d,nat-oop,23330,42933,224.727,1.840,3.212e-16,-,530,0
8,4,2048,z:il3d,nat-oop,17697,43280,296.264,2.446,3.212e-16,-,302,1
8,4,4096,z:il3d,nat-oop,36567,81927,304.680,2.240,4.130e-16,-,525,0
8,4,4096,z:il3d,nat-oop,36213,81973,307.652,2.264,4.130e-16,-,227,1
8,4,8192,z:il3d,nat-oop,73975,158713,318.932,2.145,5.475e-16,-,146,0
8,4,8192,z:il3d,nat-oop,75500,160563,312.490,2.127,5.475e-16,-,82,1
8,8,2,z:il3d,nat-oop,179,1781,25.082,9.971,1.806e-16,-,0,0
8,8,2,z:il3d,nat-oop,180,1720,24.895,9.560,1.806e-16,-,0,1
8,8,4,z:il3d,nat-oop,241,1805,42.412,7.475,1.914e-16,-,0,0
8,8,4,z:il3d,nat-oop,244,1685,42.016,6.912,1.914e-16,-,0,1
8,8,8,z:il3d,nat-oop,389,364,59.273,0.936,2.354e-16,-,0,0
8,8,8,z:il3d,nat-oop,385,363,59.825,0.943,2.354e-16,-,0,1
8,8,16,z:il3d,nat-oop,754,2025,67.912,2.686,1.882e-16,-,0,0
8,8,16,z:il3d,nat-oop,760,2077,67.408,2.734,1.882e-16,-,0,1
8,8,32,z:il3d,nat-oop,2384,2639,47.258,1.107,2.561e-16,-,0,0
8,8,32,z:il3d,nat-oop,2336,2627,48.220,1.125,2.561e-16,-,0,1
8,8,64,z:il3d,nat-oop,2805,3983,87.611,1.420,2.899e-16,-,6369,0
8,8,64,z:il3d,nat-oop,2685,4099,91.543,1.527,2.899e-16,-,4882,1
8,8,128,z:il3d,nat-oop,4716,6200,112.900,1.315,4.178e-16,-,3530,0
8,8,128,z:il3d,nat-oop,4467,6439,119.208,1.442,4.178e-16,-,2941,1
8,8,256,z:il3d,nat-oop,6551,11166,175.074,1.704,3.571e-16,-,2002,0
8,8,256,z:il3d,nat-oop,7780,10928,147.408,1.405,3.571e-16,-,2090,1
8,8,512,z:il3d,nat-oop,13231,15862,185.744,1.199,4.240e-16,-,1471,0
8,8,512,z:il3d,nat-oop,13044,17307,188.405,1.327,4.240e-16,-,612,1
8,8,1024,z:il3d,nat-oop,21507,27093,243.779,1.260,4.230e-16,-,894,0
8,8,1024,z:il3d,nat-oop,17053,26880,307.440,1.576,4.230e-16,-,431,1
8,8,2048,z:il3d,nat-oop,33653,53520,331.055,1.590,4.028e-16,-,294,0
8,8,2048,z:il3d,nat-oop,34587,54320,322.122,1.571,4.028e-16,-,152,1
8,8,4096,z:il3d,nat-oop,69525,108325,339.345,1.558,4.628e-16,-,149,0
8,8,4096,z:il3d,nat-oop,69037,107600,341.741,1.559,4.628e-16,-,166,1
8,8,8192,z:il3d,nat-oop,132562,219162,375.727,1.653,1.154e-15,-,156,0
8,8,8192,z:il3d,nat-oop,137337,219950,362.664,1.602,1.154e-15,-,82,1
8,16,2,z:il3d,nat-oop,258,1736,39.628,6.717,2.688e-16,-,0,0
8,16,2,z:il3d,nat-oop,259,1825,39.494,7.040,2.688e-16,-,0,1
8,16,4,z:il3d,nat-oop,406,2014,56.773,4.964,2.206e-16,-,0,0
8,16,4,z:il3d,nat-oop,406,2055,56.716,5.058,2.206e-16,-,0,1
8,16,8,z:il3d,nat-oop,728,2248,70.376,3.089,2.956e-16,-,0,0
8,16,8,z:il3d,nat-oop,725,2271,70.575,3.130,2.956e-16,-,0,1
8,16,16,z:il3d,nat-oop,1746,2808,64.513,1.608,3.046e-16,-,17325,0
8,16,16,z:il3d,nat-oop,1750,2789,64.351,1.593,3.046e-16,-,9762,1
8,16,32,z:il3d,nat-oop,3040,3916,80.832,1.288,3.225e-16,-,7988,0
8,16,32,z:il3d,nat-oop,2928,3888,83.926,1.328,3.225e-16,-,5807,1
8,16,64,z:il3d,nat-oop,5090,6606,104.618,1.298,3.264e-16,-,3420,0
8,16,64,z:il3d,nat-oop,4051,6639,131.437,1.639,3.264e-16,-,2442,1
8,16,128,z:il3d,nat-oop,8490,10543,135.083,1.242,3.524e-16,-,2209,0
8,16,128,z:il3d,nat-oop,8429,10472,136.069,1.242,3.524e-16,-,2203,1
8,16,256,z:il3d,nat-oop,13946,19139,176.224,1.372,4.926e-16,-,1320,0
8,16,256,z:il3d,nat-oop,14275,23921,172.156,1.676,4.926e-16,-,1004,1
8,16,512,z:il3d,nat-oop,24160,26643,217.007,1.103,4.279e-16,-,496,0
8,16,512,z:il3d,nat-oop,18877,26963,277.744,1.428,4.279e-16,-,425,1
8,16,1024,z:il3d,nat-oop,32160,51973,346.428,1.616,4.633e-16,-,299,0
8,16,1024,z:il3d,nat-oop,31947,52260,348.741,1.636,4.633e-16,-,288,1
8,16,2048,z:il3d,nat-oop,83562,106700,282.339,1.277,5.190e-16,-,137,0
8,16,2048,z:il3d,nat-oop,82738,107012,285.154,1.293,5.190e-16,-,130,1
8,16,4096,z:il3d,nat-oop,149262,212400,333.690,1.423,1.222e-15,-,112,0
8,16,4096,z:il3d,nat-oop,152012,212675,327.653,1.399,1.222e-15,-,126,1
8,16,8192,z:il3d,nat-oop,455912,420762,229.995,0.923,1.294e-15,-,111,0
8,16,8192,z:il3d,nat-oop,467437,420213,224.324,0.899,1.294e-15,-,82,1
8,32,2,z:il3d,nat-oop,508,2065,45.372,4.067,2.635e-16,-,0,0
8,32,2,z:il3d,nat-oop,509,2176,45.267,4.276,2.635e-16,-,0,1
8,32,4,z:il3d,nat-oop,827,2112,61.906,2.554,2.034e-16,-,0,0
8,32,4,z:il3d,nat-oop,838,2562,61.122,3.058,2.034e-16,-,0,1
8,32,8,z:il3d,nat-oop,2418,2789,46.583,1.154,3.054e-16,-,0,0
8,32,8,z:il3d,nat-oop,2396,3117,47.012,1.301,3.054e-16,-,0,1
8,32,16,z:il3d,nat-oop,2294,4176,107.129,1.820,3.017e-16,-,10250,0
8,32,16,z:il3d,nat-oop,2873,4186,85.549,1.457,3.017e-16,-,5535,1
8,32,32,z:il3d,nat-oop,5105,6176,104.299,1.210,3.456e-16,-,4115,0
8,32,32,z:il3d,nat-oop,5237,6157,101.679,1.176,3.456e-16,-,3093,1
8,32,64,z:il3d,nat-oop,7097,10625,161.607,1.497,3.895e-16,-,2596,0
8,32,64,z:il3d,nat-oop,8702,10434,131.788,1.199,3.895e-16,-,1452,1
8,32,128,z:il3d,nat-oop,15967,17761,153.915,1.112,3.905e-16,-,1115,0
8,32,128,z:il3d,nat-oop,14651,21684,167.745,1.480,3.905e-16,-,898,1
8,32,256,z:il3d,nat-oop,29740,28193,176.291,0.948,5.170e-16,-,454,0
8,32,256,z:il3d,nat-oop,27620,27240,189.822,0.986,5.170e-16,-,302,1
8,32,512,z:il3d,nat-oop,41020,51853,271.602,1.264,4.860e-16,-,257,0
8,32,512,z:il3d,nat-oop,41560,52100,268.073,1.254,4.860e-16,-,195,1
8,32,1024,z:il3d,nat-oop,96875,103087,243.540,1.064,5.191e-16,-,155,0
8,32,1024,z:il3d,nat-oop,97337,105675,242.383,1.086,5.191e-16,-,112,1
8,32,2048,z:il3d,nat-oop,168600,208150,295.417,1.235,1.123e-15,-,123,0
8,32,2048,z:il3d,nat-oop,173200,208688,287.571,1.205,1.123e-15,-,82,1
8,32,4096,z:il3d,nat-oop,354250,406712,295.999,1.148,1.240e-15,-,94,0
8,32,4096,z:il3d,nat-oop,367238,405287,285.531,1.104,1.240e-15,-,110,1
8,32,8192,z:il3d,nat-oop,2657675,1426713,82.855,0.537,2.008e-15,-,83,0
8,32,8192,z:il3d,nat-oop,2651888,1151475,83.036,0.434,2.008e-15,-,82,1
8,64,2,z:il3d,nat-oop,1029,2687,49.769,2.612,2.721e-16,-,0,0
8,64,2,z:il3d,nat-oop,997,2209,51.374,2.217,2.721e-16,-,0,1
8,64,4,z:il3d,nat-oop,2554,3900,44.100,1.527,2.666e-16,-,0,0
8,64,4,z:il3d,nat-oop,2673,3996,42.136,1.495,2.666e-16,-,0,1
8,64,8,z:il3d,nat-oop,2741,4742,89.661,1.730,3.103e-16,-,6338,0
8,64,8,z:il3d,nat-oop,2781,4204,88.373,1.512,3.103e-16,-,6118,1
8,64,16,z:il3d,nat-oop,4928,6802,108.055,1.380,4.223e-16,-,3426,0
8,64,16,z:il3d,nat-oop,5091,6592,104.601,1.295,4.223e-16,-,2564,1
8,64,32,z:il3d,nat-oop,8752,10566,131.035,1.207,3.701e-16,-,1776,0
8,64,32,z:il3d,nat-oop,8802,10337,130.291,1.174,3.701e-16,-,1825,1
8,64,64,z:il3d,nat-oop,13684,17492,179.602,1.278,3.801e-16,-,1033,0
8,64,64,z:il3d,nat-oop,13736,18423,178.916,1.341,3.801e-16,-,612,1
8,64,128,z:il3d,nat-oop,26083,27640,201.005,1.060,4.093e-16,-,487,0
8,64,128,z:il3d,nat-oop,25867,27653,202.689,1.069,4.093e-16,-,340,1
8,64,256,z:il3d,nat-oop,48667,52407,228.927,1.077,4.626e-16,-,252,0
8,64,256,z:il3d,nat-oop,49140,55633,226.722,1.132,4.626e-16,-,285,1
8,64,512,z:il3d,nat-oop,97200,104487,242.726,1.075,5.666e-16,-,218,0
8,64,512,z:il3d,nat-oop,114375,103687,206.277,0.907,5.666e-16,-,83,1
8,64,1024,z:il3d,nat-oop,171663,213775,290.147,1.245,1.221e-15,-,143,0
8,64,1024,z:il3d,nat-oop,165700,211613,300.588,1.277,1.221e-15,-,133,1
8,64,2048,z:il3d,nat-oop,373763,414738,280.546,1.110,1.383e-15,-,110,0
8,64,2048,z:il3d,nat-oop,372412,395588,281.563,1.062,1.383e-15,-,103,1
8,64,4096,z:il3d,nat-oop,2556950,1160100,86.119,0.454,2.020e-15,-,85,0
8,64,4096,z:il3d,nat-oop,2546775,1131988,86.463,0.444,2.020e-15,-,82,1
8,64,8192,z:il3d,nat-oop,7236475,4220012,63.757,0.583,3.535e-15,-,82,0
8,64,8192,z:il3d,nat-oop,7201338,4291100,64.068,0.596,3.535e-15,-,82,1
8,128,2,z:il3d,nat-oop,2767,4053,40.713,1.465,2.691e-16,-,0,0
8,128,2,z:il3d,nat-oop,2766,4075,40.716,1.473,2.691e-16,-,0,1
8,128,4,z:il3d,nat-oop,2800,6328,87.771,2.260,3.665e-16,-,6584,0
8,128,4,z:il3d,nat-oop,2792,6323,88.023,2.265,3.665e-16,-,4882,1
8,128,8,z:il3d,nat-oop,5500,8364,96.822,1.521,5.642e-16,-,3789,0
8,128,8,z:il3d,nat-oop,5437,8316,97.938,1.529,5.642e-16,-,2442,1
8,128,16,z:il3d,nat-oop,8744,10835,131.158,1.239,3.793e-16,-,1660,0
8,128,16,z:il3d,nat-oop,9426,12092,121.669,1.283,3.793e-16,-,1222,1
8,128,32,z:il3d,nat-oop,16541,17600,148.576,1.064,3.729e-16,-,889,0
8,128,32,z:il3d,nat-oop,16523,17498,148.739,1.059,3.729e-16,-,612,1
8,128,64,z:il3d,nat-oop,26147,29043,200.518,1.111,3.619e-16,-,487,0
8,128,64,z:il3d,nat-oop,28960,28507,181.039,0.984,3.619e-16,-,479,1
8,128,128,z:il3d,nat-oop,50540,54267,220.442,1.074,4.081e-16,-,276,0
8,128,128,z:il3d,nat-oop,50880,53867,218.969,1.059,4.081e-16,-,243,1
8,128,256,z:il3d,nat-oop,81987,107862,287.763,1.316,4.872e-16,-,140,0
8,128,256,z:il3d,nat-oop,98487,104025,239.553,1.056,4.872e-16,-,115,1
8,128,512,z:il3d,nat-oop,206525,216412,241.169,1.048,1.136e-15,-,103,0
8,128,512,z:il3d,nat-oop,246187,216025,202.315,0.877,1.136e-15,-,100,1
8,128,1024,z:il3d,nat-oop,557625,437038,188.043,0.784,1.404e-15,-,83,0
8,128,1024,z:il3d,nat-oop,563000,441912,186.248,0.785,1.404e-15,-,85,1
8,128,2048,z:il3d,nat-oop,3898263,1379650,56.487,0.354,2.045e-15,-,82,0
8,128,2048,z:il3d,nat-oop,3699875,1623962,59.516,0.439,2.045e-15,-,82,1
8,128,4096,z:il3d,nat-oop,8256300,4464550,55.881,0.541,3.211e-15,-,82,0
8,128,4096,z:il3d,nat-oop,8107750,4532837,56.905,0.559,3.211e-15,-,82,1
8,256,2,z:il3d,nat-oop,3328,6494,73.845,1.951,2.608e-16,-,6445,0
8,256,2,z:il3d,nat-oop,3132,4370,78.458,1.395,2.608e-16,-,6652,1
8,256,4,z:il3d,nat-oop,5927,11495,89.839,1.939,4.169e-16,-,3194,0
8,256,4,z:il3d,nat-oop,6110,11839,87.151,1.938,4.169e-16,-,3407,1
8,256,8,z:il3d,nat-oop,9762,14604,117.481,1.496,3.671e-16,-,2157,0
8,256,8,z:il3d,nat-oop,10607,14734,108.129,1.389,3.671e-16,-,1447,1
8,256,16,z:il3d,nat-oop,17815,20289,137.953,1.139,3.735e-16,-,888,0
8,256,16,z:il3d,nat-oop,18251,20557,134.657,1.126,3.735e-16,-,612,1
8,256,32,z:il3d,nat-oop,26887,27320,194.999,1.016,3.629e-16,-,778,0
8,256,32,z:il3d,nat-oop,19600,27920,267.494,1.424,3.629e-16,-,512,1
8,256,64,z:il3d,nat-oop,51073,54533,218.140,1.068,4.599e-16,-,244,0
8,256,64,z:il3d,nat-oop,51800,55467,215.080,1.071,4.599e-16,-,234,1
8,256,128,z:il3d,nat-oop,86937,105913,271.378,1.218,5.609e-16,-,117,0
8,256,128,z:il3d,nat-oop,103063,105537,228.919,1.024,5.609e-16,-,82,1
8,256,256,z:il3d,nat-oop,172275,216025,289.115,1.254,1.357e-15,-,150,0
8,256,256,z:il3d,nat-oop,172888,214712,288.091,1.242,1.357e-15,-,92,1
8,256,512,z:il3d,nat-oop,586750,461038,178.709,0.786,1.264e-15,-,89,0
8,256,512,z:il3d,nat-oop,618738,452238,169.470,0.731,1.264e-15,-,95,1
8,256,1024,z:il3d,nat-oop,2897013,1410788,76.010,0.487,2.056e-15,-,83,0
8,256,1024,z:il3d,nat-oop,2892013,1362675,76.141,0.471,2.056e-15,-,83,1
8,256,2048,z:il3d,nat-oop,10180200,4550013,45.321,0.447,3.451e-15,-,82,0
8,256,2048,z:il3d,nat-oop,10132388,5040612,45.535,0.497,3.451e-15,-,82,1
8,512,2,z:il3d,nat-oop,5332,11951,99.858,2.241,4.340e-16,-,3152,0
8,512,2,z:il3d,nat-oop,5805,7284,91.723,1.255,4.340e-16,-,2442,1
8,512,4,z:il3d,nat-oop,11809,20873,97.119,1.768,3.685e-16,-,1610,0
8,512,4,z:il3d,nat-oop,9922,20945,115.588,2.111,3.685e-16,-,1673,1
8,512,8,z:il3d,nat-oop,15990,27656,153.694,1.730,4.611e-16,-,1286,0
8,512,8,z:il3d,nat-oop,16275,19857,151.001,1.220,4.611e-16,-,680,1
8,512,16,z:il3d,nat-oop,30787,27180,170.297,0.883,4.453e-16,-,729,0
8,512,16,z:il3d,nat-oop,27537,28073,190.396,1.019,4.453e-16,-,565,1
8,512,32,z:il3d,nat-oop,53380,55353,208.713,1.037,4.485e-16,-,241,0
8,512,32,z:il3d,nat-oop,53080,56773,209.893,1.070,4.485e-16,-,187,1
8,512,64,z:il3d,nat-oop,93963,113750,251.089,1.211,5.429e-16,-,131,0
8,512,64,z:il3d,nat-oop,95950,113837,245.888,1.186,5.429e-16,-,101,1
8,512,128,z:il3d,nat-oop,187163,232900,266.118,1.244,1.006e-15,-,147,0
8,512,128,z:il3d,nat-oop,182025,231325,273.629,1.271,1.006e-15,-,82,1
8,512,256,z:il3d,nat-oop,560075,467725,187.221,0.835,1.251e-15,-,89,0
8,512,256,z:il3d,nat-oop,577175,467562,181.674,0.810,1.251e-15,-,86,1
8,512,512,z:il3d,nat-oop,2853700,1420088,77.163,0.498,1.963e-15,-,83,0
8,512,512,z:il3d,nat-oop,2819713,1409225,78.093,0.500,1.963e-15,-,84,1
8,512,1024,z:il3d,nat-oop,7426675,5194350,62.124,0.699,3.719e-15,-,82,0
8,512,1024,z:il3d,nat-oop,7356113,5048313,62.720,0.686,3.719e-15,-,82,1
8,1024,2,z:il3d,nat-oop,14210,22322,80.710,1.571,4.541e-16,-,1948,0
8,1024,2,z:il3d,nat-oop,14593,12213,78.589,0.837,4.541e-16,-,1222,1
8,1024,4,z:il3d,nat-oop,15707,19077,156.470,1.215,3.562e-16,-,1229,0
8,1024,4,z:il3d,nat-oop,15807,19202,155.480,1.215,3.562e-16,-,612,1
8,1024,8,z:il3d,nat-oop,28447,28573,184.306,1.004,4.423e-16,-,613,0
8,1024,8,z:il3d,nat-oop,27047,29317,193.846,1.084,4.423e-16,-,302,1
8,1024,16,z:il3d,nat-oop,57667,56073,193.199,0.972,4.286e-16,-,309,0
8,1024,16,z:il3d,nat-oop,51327,54613,217.063,1.064,4.286e-16,-,321,1
8,1024,32,z:il3d,nat-oop,97987,107725,240.775,1.099,5.612e-16,-,172,0
8,1024,32,z:il3d,nat-oop,112300,112263,210.089,1.000,5.612e-16,-,89,1
8,1024,64,z:il3d,nat-oop,200612,228087,248.276,1.137,1.153e-15,-,110,0
8,1024,64,z:il3d,nat-oop,180450,230438,276.018,1.277,1.153e-15,-,103,1
8,1024,128,z:il3d,nat-oop,592475,484675,176.982,0.818,1.418e-15,-,93,0
8,1024,128,z:il3d,nat-oop,581562,491813,180.303,0.846,1.418e-15,-,88,1
8,1024,256,z:il3d,nat-oop,2843012,1554812,77.453,0.547,2.056e-15,-,83,0
8,1024,256,z:il3d,nat-oop,2743850,1545813,80.253,0.563,2.056e-15,-,82,1
8,1024,512,z:il3d,nat-oop,7467988,5173587,61.780,0.693,3.359e-15,-,82,0
8,1024,512,z:il3d,nat-oop,7396337,5099637,62.379,0.689,3.359e-15,-,82,1
8,2048,2,z:il3d,nat-oop,15477,42682,158.790,2.758,3.739e-16,-,1288,0
8,2048,2,z:il3d,nat-oop,15484,42567,158.723,2.749,3.739e-16,-,1142,1
8,2048,4,z:il3d,nat-oop,30637,31500,171.131,1.028,3.781e-16,-,748,0
8,2048,4,z:il3d,nat-oop,25867,32677,202.689,1.263,3.781e-16,-,416,1
8,2048,8,z:il3d,nat-oop,51633,60173,215.774,1.165,4.982e-16,-,327,0
8,2048,8,z:il3d,nat-oop,52367,58993,212.752,1.127,4.982e-16,-,152,1
8,2048,16,z:il3d,nat-oop,126500,112337,186.506,0.888,5.341e-16,-,135,0
8,2048,16,z:il3d,nat-oop,125287,115675,188.311,0.923,5.341e-16,-,95,1
8,2048,32,z:il3d,nat-oop,218525,233462,227.925,1.068,1.249e-15,-,100,0
8,2048,32,z:il3d,nat-oop,217262,235100,229.250,1.082,1.249e-15,-,92,1
8,2048,64,z:il3d,nat-oop,610988,526212,171.620,0.861,1.303e-15,-,102,0
8,2048,64,z:il3d,nat-oop,622812,534325,168.361,0.858,1.303e-15,-,91,1
8,2048,128,z:il3d,nat-oop,3594038,1663263,61.268,0.463,1.978e-15,-,83,0
8,2048,128,z:il3d,nat-oop,3657938,1662238,60.198,0.454,1.978e-15,-,82,1
8,2048,256,z:il3d,nat-oop,7686600,5208187,60.023,0.678,3.604e-15,-,82,0
8,2048,256,z:il3d,nat-oop,7630150,5227400,60.467,0.685,3.604e-15,-,82,1
8,4096,2,z:il3d,nat-oop,44743,38660,117.177,0.864,5.167e-16,-,407,0
8,4096,2,z:il3d,nat-oop,44287,39087,118.385,0.883,5.167e-16,-,322,1
8,4096,4,z:il3d,nat-oop,52387,62647,212.671,1.196,4.635e-16,-,345,0
8,4096,4,z:il3d,nat-oop,50367,61940,221.200,1.230,4.635e-16,-,241,1
8,4096,8,z:il3d,nat-oop,100563,120013,234.610,1.193,6.286e-16,-,168,0
8,4096,8,z:il3d,nat-oop,98250,122175,240.132,1.244,6.286e-16,-,105,1
8,4096,16,z:il3d,nat-oop,254250,232563,195.899,0.915,1.019e-15,-,131,0
8,4096,16,z:il3d,nat-oop,268488,244550,185.511,0.911,1.019e-15,-,82,1
8,4096,32,z:il3d,nat-oop,644988,553488,162.573,0.858,1.260e-15,-,100,0
8,4096,32,z:il3d,nat-oop,643275,546075,163.006,0.849,1.260e-15,-,85,1
8,4096,64,z:il3d,nat-oop,3276250,1680562,67.211,0.513,1.940e-15,-,83,0
8,4096,64,z:il3d,nat-oop,3318025,1671375,66.365,0.504,1.940e-15,-,83,1
8,4096,128,z:il3d,nat-oop,8331938,5503112,55.374,0.660,3.302e-15,-,82,0
8,4096,128,z:il3d,nat-oop,8418350,5545512,54.806,0.659,3.302e-15,-,82,1
8,8192,2,z:il3d,nat-oop,52427,77120,212.509,1.471,4.990e-16,-,233,0
8,8192,2,z:il3d,nat-oop,55840,77933,199.519,1.396,4.990e-16,-,171,1
8,8192,4,z:il3d,nat-oop,104850,128125,225.016,1.222,6.875e-16,-,138,0
8,8192,4,z:il3d,nat-oop,103225,129200,228.559,1.252,6.875e-16,-,87,1
8,8192,8,z:il3d,nat-oop,212125,263638,234.802,1.243,1.166e-15,-,147,0
8,8192,8,z:il3d,nat-oop,216375,265488,230.190,1.227,1.166e-15,-,82,1
8,8192,16,z:il3d,nat-oop,626850,605325,167.277,0.966,1.339e-15,-,100,0
8,8192,16,z:il3d,nat-oop,630813,600087,166.226,0.951,1.339e-15,-,96,1
8,8192,32,z:il3d,nat-oop,4028900,1841775,54.655,0.457,1.980e-15,-,82,0
8,8192,32,z:il3d,nat-oop,4009925,1848600,54.914,0.461,1.980e-15,-,82,1
8,8192,64,z:il3d,nat-oop,9495675,5961813,48.588,0.628,3.752e-15,-,82,0
8,8192,64,z:il3d,nat-oop,9480587,5981613,48.665,0.631,3.752e-15,-,82,1
16,2,2,z:il3d,nat-oop,228,6026,8.426,26.442,1.972e-16,-,0,0
16,2,2,z:il3d,nat-oop,228,5597,8.418,24.538,1.972e-16,-,0,1
16,2,4,z:il3d,nat-oop,265,6002,16.903,22.645,1.797e-16,-,0,0
16,2,4,z:il3d,nat-oop,266,5581,16.846,20.984,1.797e-16,-,0,1
16,2,8,z:il3d,nat-oop,360,5478,28.481,15.236,2.290e-16,-,0,0
16,2,8,z:il3d,nat-oop,364,5631,28.120,15.462,2.290e-16,-,0,1
16,2,16,z:il3d,nat-oop,596,5849,38.660,9.814,2.086e-16,-,0,0
16,2,16,z:il3d,nat-oop,601,6454,38.367,10.748,2.086e-16,-,0,1
16,2,32,z:il3d,nat-oop,959,6856,53.372,7.147,2.513e-16,-,0,0
16,2,32,z:il3d,nat-oop,960,6661,53.352,6.941,2.513e-16,-,0,1
16,2,64,z:il3d,nat-oop,2230,7974,50.520,3.576,2.955e-16,-,0,0
16,2,64,z:il3d,nat-oop,2210,8328,50.979,3.769,2.955e-16,-,0,1
16,2,128,z:il3d,nat-oop,3903,9829,62.962,2.518,4.044e-16,-,5974,0
16,2,128,z:il3d,nat-oop,3918,11621,62.732,2.966,4.044e-16,-,4882,1
16,2,256,z:il3d,nat-oop,5819,15489,91.503,2.662,3.112e-16,-,3210,0
16,2,256,z:il3d,nat-oop,5562,15077,95.730,2.711,3.112e-16,-,2442,1
16,2,512,z:il3d,nat-oop,10195,24339,112.493,2.387,4.100e-16,-,1991,0
16,2,512,z:il3d,nat-oop,10419,23783,110.077,2.283,4.100e-16,-,1685,1
16,2,1024,z:il3d,nat-oop,15984,36528,153.758,2.285,4.982e-16,-,854,0
16,2,1024,z:il3d,nat-oop,19236,36607,127.760,1.903,4.982e-16,-,745,1
16,2,2048,z:il3d,nat-oop,24930,68083,210.304,2.731,3.190e-16,-,569,0
16,2,2048,z:il3d,nat-oop,24477,67703,214.199,2.766,3.190e-16,-,325,1
16,2,4096,z:il3d,nat-oop,54087,130227,205.986,2.408,4.504e-16,-,365,0
16,2,4096,z:il3d,nat-oop,53947,129667,206.521,2.404,4.504e-16,-,152,1
16,2,8192,z:il3d,nat-oop,108613,245862,217.221,2.264,4.066e-16,-,181,0
16,2,8192,z:il3d,nat-oop,103212,244687,228.586,2.371,4.066e-16,-,83,1
16,4,2,z:il3d,nat-oop,269,4998,16.669,18.596,3.097e-16,-,0,0
16,4,2,z:il3d,nat-oop,270,5403,16.607,20.029,3.097e-16,-,0,1
16,4,4,z:il3d,nat-oop,337,4942,30.395,14.668,2.241e-16,-,0,0
16,4,4,z:il3d,nat-oop,336,5054,30.467,15.037,2.241e-16,-,0,1
16,4,8,z:il3d,nat-oop,500,4880,46.061,9.755,2.151e-16,-,0,0
16,4,8,z:il3d,nat-oop,502,4869,45.885,9.697,2.151e-16,-,0,1
16,4,16,z:il3d,nat-oop,915,5518,55.968,6.032,2.500e-16,-,0,0
16,4,16,z:il3d,nat-oop,908,6343,56.366,6.983,2.500e-16,-,0,1
16,4,32,z:il3d,nat-oop,2159,6354,52.162,2.942,2.480e-16,-,0,0
16,4,32,z:il3d,nat-oop,2172,6260,51.857,2.882,2.480e-16,-,0,1
16,4,64,z:il3d,nat-oop,3739,7637,65.737,2.043,3.199e-16,-,8527,0
16,4,64,z:il3d,nat-oop,3702,8031,66.385,2.169,3.199e-16,-,7512,1
16,4,128,z:il3d,nat-oop,5920,10688,89.951,1.805,4.233e-16,-,4353,0
16,4,128,z:il3d,nat-oop,5769,9601,92.303,1.664,4.233e-16,-,2442,1
16,4,256,z:il3d,nat-oop,9386,16310,122.190,1.738,3.262e-16,-,1700,0
16,4,256,z:il3d,nat-oop,10071,16737,113.876,1.662,3.262e-16,-,1266,1
16,4,512,z:il3d,nat-oop,18015,21520,136.422,1.195,3.788e-16,-,861,0
16,4,512,z:il3d,nat-oop,17849,23121,137.687,1.295,3.788e-16,-,1000,1
16,4,1024,z:il3d,nat-oop,23330,40200,224.727,1.723,4.376e-16,-,900,0
16,4,1024,z:il3d,nat-oop,24020,41047,218.271,1.709,4.376e-16,-,306,1
16,4,2048,z:il3d,nat-oop,47593,78840,234.090,1.657,3.378e-16,-,249,0
16,4,2048,z:il3d,nat-oop,49027,75847,227.246,1.547,3.378e-16,-,202,1
16,4,4096,z:il3d,nat-oop,101612,149075,232.186,1.467,4.142e-16,-,129,0
16,4,4096,z:il3d,nat-oop,99212,157213,237.802,1.585,4.142e-16,-,119,1
16,4,8192,z:il3d,nat-oop,201500,287675,247.183,1.428,8.687e-16,-,111,0
16,4,8192,z:il3d,nat-oop,200775,288900,248.076,1.439,8.687e-16,-,102,1
16,8,2,z:il3d,nat-oop,360,2137,28.434,5.933,3.521e-16,-,0,0
16,8,2,z:il3d,nat-oop,358,2281,28.612,6.374,3.521e-16,-,0,1
16,8,4,z:il3d,nat-oop,507,2264,45.404,4.462,2.254e-16,-,0,0
16,8,4,z:il3d,nat-oop,512,2224,44.984,4.343,2.254e-16,-,0,1
16,8,8,z:il3d,nat-oop,834,2712,61.354,3.250,3.347e-16,-,0,0
16,8,8,z:il3d,nat-oop,842,2473,60.835,2.938,3.347e-16,-,0,1
16,8,16,z:il3d,nat-oop,2395,3126,47.030,1.305,2.869e-16,-,0,0
16,8,16,z:il3d,nat-oop,2132,2852,52.844,1.338,2.869e-16,-,0,1
16,8,32,z:il3d,nat-oop,3982,3975,61.712,0.998,2.635e-16,-,5547,0
16,8,32,z:il3d,nat-oop,3717,3901,66.125,1.050,2.635e-16,-,6301,1
16,8,64,z:il3d,nat-oop,5299,5778,100.483,1.090,3.187e-16,-,3195,0
16,8,64,z:il3d,nat-oop,5589,5808,95.267,1.039,3.187e-16,-,3492,1
16,8,128,z:il3d,nat-oop,9402,9081,121.987,0.966,3.916e-16,-,1711,0
16,8,128,z:il3d,nat-oop,10005,9458,114.632,0.945,3.916e-16,-,1564,1
16,8,256,z:il3d,nat-oop,17323,17931,141.870,1.035,6.500e-16,-,887,0
16,8,256,z:il3d,nat-oop,17770,18307,138.297,1.030,6.500e-16,-,869,1
16,8,512,z:il3d,nat-oop,24410,24980,214.784,1.023,4.215e-16,-,493,0
16,8,512,z:il3d,nat-oop,23490,24767,223.196,1.054,4.215e-16,-,302,1
16,8,1024,z:il3d,nat-oop,46933,88113,237.382,1.877,4.725e-16,-,152,0
16,8,1024,z:il3d,nat-oop,47107,49853,236.508,1.058,4.725e-16,-,171,1
16,8,2048,z:il3d,nat-oop,94600,99763,249.397,1.055,4.116e-16,-,83,0
16,8,2048,z:il3d,nat-oop,97100,101225,242.976,1.042,4.116e-16,-,127,1
16,8,4096,z:il3d,nat-oop,192925,202988,258.170,1.052,9.860e-16,-,105,0
16,8,4096,z:il3d,nat-oop,189100,205138,263.392,1.085,9.860e-16,-,82,1
16,8,8192,z:il3d,nat-oop,317863,429350,329.884,1.351,1.134e-15,-,91,0
16,8,8192,z:il3d,nat-oop,387400,504325,270.670,1.302,1.134e-15,-,96,1
16,16,2,z:il3d,nat-oop,547,2226,42.146,4.072,2.854e-16,-,0,0
16,16,2,z:il3d,nat-oop,538,2352,42.830,4.373,2.854e-16,-,0,1
16,16,4,z:il3d,nat-oop,867,2811,59.030,3.240,2.064e-16,-,0,0
16,16,4,z:il3d,nat-oop,870,2499,58.856,2.872,2.064e-16,-,0,1
16,16,8,z:il3d,nat-oop,2040,3828,55.217,1.876,3.001e-16,-,0,0
16,16,8,z:il3d,nat-oop,2069,3353,54.443,1.620,3.001e-16,-,0,1
16,16,16,z:il3d,nat-oop,3702,3047,66.381,0.823,2.973e-16,-,5854,0
16,16,16,z:il3d,nat-oop,4083,3004,60.197,0.736,2.973e-16,-,5091,1
16,16,32,z:il3d,nat-oop,5414,4218,98.354,0.779,3.942e-16,-,3356,0
16,16,32,z:il3d,nat-oop,5434,4308,97.983,0.793,3.942e-16,-,3014,1
16,16,64,z:il3d,nat-oop,10216,7965,112.268,0.780,3.705e-16,-,1532,0
16,16,64,z:il3d,nat-oop,10530,8008,108.912,0.760,3.705e-16,-,1511,1
16,16,128,z:il3d,nat-oop,15964,14933,153.947,0.935,3.185e-16,-,888,0
16,16,128,z:il3d,nat-oop,19600,15249,125.388,0.778,3.185e-16,-,679,1
16,16,256,z:il3d,nat-oop,22410,29287,233.953,1.307,4.604e-16,-,698,0
16,16,256,z:il3d,nat-oop,23247,28993,225.533,1.247,4.604e-16,-,410,1
16,16,512,z:il3d,nat-oop,46793,56567,238.092,1.209,3.550e-16,-,313,0
16,16,512,z:il3d,nat-oop,46947,56053,237.314,1.194,3.550e-16,-,187,1
16,16,1024,z:il3d,nat-oop,93337,122863,252.770,1.316,5.324e-16,-,124,0
16,16,1024,z:il3d,nat-oop,97337,116212,242.383,1.194,5.324e-16,-,87,1
16,16,2048,z:il3d,nat-oop,205525,238837,242.342,1.162,9.053e-16,-,103,0
16,16,2048,z:il3d,nat-oop,205350,253713,242.549,1.236,9.053e-16,-,110,1
16,16,4096,z:il3d,nat-oop,381088,437475,275.154,1.148,1.151e-15,-,91,0
16,16,4096,z:il3d,nat-oop,363550,432975,288.427,1.191,1.151e-15,-,116,1
16,16,8192,z:il3d,nat-oop,1323362,1331925,166.395,1.006,1.538e-15,-,85,0
16,16,8192,z:il3d,nat-oop,1304100,1227350,168.853,0.941,1.538e-15,-,84,1
16,32,2,z:il3d,nat-oop,1177,2795,43.510,2.375,3.384e-16,-,0,0
16,32,2,z:il3d,nat-oop,1088,2634,47.054,2.421,3.384e-16,-,0,1
16,32,4,z:il3d,nat-oop,2391,3920,47.112,1.639,3.491e-16,-,0,0
16,32,4,z:il3d,nat-oop,2613,4060,43.102,1.554,3.491e-16,-,0,1
16,32,8,z:il3d,nat-oop,4371,4662,56.226,1.067,2.165e-16,-,6030,0
16,32,8,z:il3d,nat-oop,3911,3769,62.837,0.964,2.165e-16,-,6981,1
16,32,16,z:il3d,nat-oop,5733,5062,92.877,0.883,3.008e-16,-,3959,0
16,32,16,z:il3d,nat-oop,5844,4430,91.112,0.758,3.008e-16,-,2825,1
16,32,32,z:il3d,nat-oop,8302,7548,138.137,0.909,3.125e-16,-,1726,0
16,32,32,z:il3d,nat-oop,10537,7443,108.844,0.706,3.125e-16,-,1522,1
16,32,64,z:il3d,nat-oop,19013,15626,129.258,0.822,2.907e-16,-,1094,0
16,32,64,z:il3d,nat-oop,20033,14975,122.679,0.748,2.907e-16,-,832,1
16,32,128,z:il3d,nat-oop,26080,30057,201.031,1.152,3.265e-16,-,484,0
16,32,128,z:il3d,nat-oop,26597,29187,197.125,1.097,3.265e-16,-,374,1
16,32,256,z:il3d,nat-oop,50627,59067,220.064,1.167,3.361e-16,-,240,0
16,32,256,z:il3d,nat-oop,55447,58320,200.934,1.052,3.361e-16,-,189,1
16,32,512,z:il3d,nat-oop,101225,120150,233.074,1.187,4.914e-16,-,105,0
16,32,512,z:il3d,nat-oop,102037,119937,231.219,1.175,4.914e-16,-,122,1
16,32,1024,z:il3d,nat-oop,216325,246275,230.243,1.138,9.314e-16,-,104,0
16,32,1024,z:il3d,nat-oop,224313,239112,222.045,1.066,9.314e-16,-,91,1
16,32,2048,z:il3d,nat-oop,473138,472888,221.622,0.999,1.117e-15,-,93,0
16,32,2048,z:il3d,nat-oop,396175,470787,264.675,1.188,1.117e-15,-,82,1
16,32,4096,z:il3d,nat-oop,1397838,1360200,157.530,0.973,1.662e-15,-,82,0
16,32,4096,z:il3d,nat-oop,1659787,1496875,132.668,0.902,1.662e-15,-,82,1
16,32,8192,z:il3d,nat-oop,8304000,5453188,55.560,0.657,3.569e-15,-,82,0
16,32,8192,z:il3d,nat-oop,7747037,5129413,59.555,0.662,3.569e-15,-,82,1
16,64,2,z:il3d,nat-oop,1742,4477,64.657,2.570,2.870e-16,-,12438,0
16,64,2,z:il3d,nat-oop,1693,3108,66.536,1.836,2.870e-16,-,9762,1
16,64,4,z:il3d,nat-oop,4006,6561,61.346,1.638,3.248e-16,-,4973,0
16,64,4,z:il3d,nat-oop,4023,3785,61.093,0.941,3.248e-16,-,5913,1
16,64,8,z:il3d,nat-oop,6548,6481,81.315,0.990,3.258e-16,-,2468,0
16,64,8,z:il3d,nat-oop,6668,6189,79.851,0.928,3.258e-16,-,3051,1
16,64,16,z:il3d,nat-oop,11030,8134,103.983,0.738,3.421e-16,-,1398,0
16,64,16,z:il3d,nat-oop,10925,8737,104.982,0.800,3.421e-16,-,1524,1
16,64,32,z:il3d,nat-oop,22246,14782,110.474,0.664,3.921e-16,-,1232,0
16,64,32,z:il3d,nat-oop,21105,14516,116.447,0.688,3.921e-16,-,813,1
16,64,64,z:il3d,nat-oop,27703,27550,189.251,0.994,3.025e-16,-,302,0
16,64,64,z:il3d,nat-oop,27470,27480,190.858,1.000,3.025e-16,-,385,1
16,64,128,z:il3d,nat-oop,51873,56440,214.775,1.088,4.378e-16,-,334,0
16,64,128,z:il3d,nat-oop,51893,56227,214.693,1.084,4.378e-16,-,152,1
16,64,256,z:il3d,nat-oop,108350,125675,217.748,1.160,4.427e-16,-,125,0
16,64,256,z:il3d,nat-oop,108775,125500,216.897,1.154,4.427e-16,-,100,1
16,64,512,z:il3d,nat-oop,217213,244263,229.302,1.125,9.698e-16,-,102,0
16,64,512,z:il3d,nat-oop,220675,243112,225.705,1.102,9.698e-16,-,103,1
16,64,1024,z:il3d,nat-oop,410775,501562,255.268,1.221,1.139e-15,-,107,0
16,64,1024,z:il3d,nat-oop,394025,461088,266.119,1.170,1.139e-15,-,110,1
16,64,2048,z:il3d,nat-oop,1192912,1345725,184.591,1.128,1.793e-15,-,89,0
16,64,2048,z:il3d,nat-oop,1190200,1353837,185.012,1.137,1.793e-15,-,85,1
16,64,4096,z:il3d,nat-oop,8311312,4575450,55.512,0.551,3.431e-15,-,82,0
16,64,4096,z:il3d,nat-oop,8308838,5181900,55.528,0.624,3.431e-15,-,82,1
16,128,2,z:il3d,nat-oop,4340,6640,56.625,1.530,4.258e-16,-,7805,0
16,128,2,z:il3d,nat-oop,4292,7005,57.265,1.632,4.258e-16,-,5046,1
16,128,4,z:il3d,nat-oop,5664,11024,94.006,1.946,3.620e-16,-,2784,0
16,128,4,z:il3d,nat-oop,5754,6099,92.539,1.060,3.620e-16,-,2843,1
16,128,8,z:il3d,nat-oop,10702,14651,107.160,1.369,3.553e-16,-,2242,0
16,128,8,z:il3d,nat-oop,10821,11533,105.983,1.066,3.553e-16,-,1457,1
16,128,16,z:il3d,nat-oop,16866,17549,145.717,1.041,3.517e-16,-,1287,0
16,128,16,z:il3d,nat-oop,22167,16144,110.866,0.728,3.517e-16,-,766,1
16,128,32,z:il3d,nat-oop,30310,27320,172.975,0.901,3.629e-16,-,683,0
16,128,32,z:il3d,nat-oop,30227,28190,173.452,0.933,3.629e-16,-,302,1
16,128,64,z:il3d,nat-oop,52267,56160,213.159,1.074,3.627e-16,-,190,0
16,128,64,z:il3d,nat-oop,53260,55953,209.184,1.051,3.627e-16,-,229,1
16,128,128,z:il3d,nat-oop,109725,117763,215.019,1.073,4.319e-16,-,82,0
16,128,128,z:il3d,nat-oop,100187,117225,235.488,1.170,4.319e-16,-,99,1
16,128,256,z:il3d,nat-oop,180250,234163,276.324,1.299,9.128e-16,-,97,0
16,128,256,z:il3d,nat-oop,212600,236750,234.277,1.114,9.128e-16,-,92,1
16,128,512,z:il3d,nat-oop,517837,540175,202.491,1.043,1.106e-15,-,86,0
16,128,512,z:il3d,nat-oop,731487,538438,143.348,0.736,1.106e-15,-,85,1
16,128,1024,z:il3d,nat-oop,2888813,1999375,76.225,0.692,1.856e-15,-,82,0
16,128,1024,z:il3d,nat-oop,3371387,1850163,65.315,0.549,1.856e-15,-,82,1
16,128,2048,z:il3d,nat-oop,7878588,5852587,58.560,0.743,3.451e-15,-,82,0
16,128,2048,z:il3d,nat-oop,8089050,5815038,57.037,0.719,3.451e-15,-,82,1
16,256,2,z:il3d,nat-oop,5521,16933,96.448,3.067,3.586e-16,-,3836,0
16,256,2,z:il3d,nat-oop,5866,6983,90.774,1.190,3.586e-16,-,3192,1
16,256,4,z:il3d,nat-oop,10761,21191,106.581,1.969,3.499e-16,-,1902,0
16,256,4,z:il3d,nat-oop,8761,21416,130.913,2.445,3.499e-16,-,1571,1
16,256,8,z:il3d,nat-oop,19507,26472,125.988,1.357,3.748e-16,-,743,0
16,256,8,z:il3d,nat-oop,22244,20507,110.482,0.922,3.748e-16,-,782,1
16,256,16,z:il3d,nat-oop,29583,28450,177.224,0.962,3.378e-16,-,393,0
16,256,16,z:il3d,nat-oop,33417,29100,156.894,0.871,3.378e-16,-,499,1
16,256,32,z:il3d,nat-oop,52840,55293,210.846,1.046,4.657e-16,-,198,0
16,256,32,z:il3d,nat-oop,54067,55013,206.063,1.018,4.657e-16,-,176,1
16,256,64,z:il3d,nat-oop,93550,116363,252.196,1.244,4.585e-16,-,114,0
16,256,64,z:il3d,nat-oop,118987,117850,198.281,0.990,4.585e-16,-,85,1
16,256,128,z:il3d,nat-oop,211125,252963,235.914,1.198,9.384e-16,-,94,0
16,256,128,z:il3d,nat-oop,206950,229663,240.673,1.110,9.384e-16,-,95,1
16,256,256,z:il3d,nat-oop,539338,579288,194.419,1.074,1.149e-15,-,88,0
16,256,256,z:il3d,nat-oop,528150,663462,198.538,1.256,1.149e-15,-,82,1
16,256,512,z:il3d,nat-oop,2848225,1693313,77.312,0.595,1.682e-15,-,83,0
16,256,512,z:il3d,nat-oop,3428313,2200525,64.230,0.642,1.682e-15,-,83,1
16,256,1024,z:il3d,nat-oop,6844275,6128287,67.410,0.895,3.466e-15,-,82,0
16,256,1024,z:il3d,nat-oop,7470850,5387662,61.756,0.721,3.466e-15,-,83,1
16,512,2,z:il3d,nat-oop,8266,21686,138.754,2.624,3.407e-16,-,2092,0
16,512,2,z:il3d,nat-oop,10373,22988,110.564,2.216,3.407e-16,-,1368,1
16,512,4,z:il3d,nat-oop,22254,39197,110.434,1.761,3.804e-16,-,785,0
16,512,4,z:il3d,nat-oop,30405,19007,80.829,0.625,3.804e-16,-,666,1
16,512,8,z:il3d,nat-oop,34687,28693,151.150,0.827,4.985e-16,-,412,0
16,512,8,z:il3d,nat-oop,36693,31363,142.884,0.855,4.985e-16,-,302,1
16,512,16,z:il3d,nat-oop,58167,62393,191.538,1.073,4.127e-16,-,271,0
16,512,16,z:il3d,nat-oop,62967,65020,176.937,1.033,4.127e-16,-,152,1
16,512,32,z:il3d,nat-oop,105738,120450,223.128,1.139,4.624e-16,-,124,0
16,512,32,z:il3d,nat-oop,105325,120950,224.002,1.148,4.624e-16,-,100,1
16,512,64,z:il3d,nat-oop,252713,247075,197.091,0.978,9.659e-16,-,125,0
16,512,64,z:il3d,nat-oop,215350,243463,231.286,1.131,9.659e-16,-,101,1
16,512,128,z:il3d,nat-oop,430887,487163,243.353,1.131,1.049e-15,-,95,0
16,512,128,z:il3d,nat-oop,487375,486175,215.148,0.998,1.049e-15,-,89,1
16,512,256,z:il3d,nat-oop,2328150,1676087,94.582,0.720,1.346e-15,-,85,0
16,512,256,z:il3d,nat-oop,2264338,1507200,97.247,0.666,1.346e-15,-,83,1
16,512,512,z:il3d,nat-oop,9528612,6183563,48.420,0.649,3.241e-15,-,82,0
16,512,512,z:il3d,nat-oop,9212137,6125212,50.083,0.665,3.241e-15,-,82,1
16,1024,2,z:il3d,nat-oop,19292,25841,127.391,1.339,3.587e-16,-,867,0
16,1024,2,z:il3d,nat-oop,19828,21210,123.947,1.070,3.587e-16,-,731,1
16,1024,4,z:il3d,nat-oop,25697,31390,204.030,1.222,3.857e-16,-,680,0
16,1024,4,z:il3d,nat-oop,27410,29567,191.276,1.079,3.857e-16,-,383,1
16,1024,8,z:il3d,nat-oop,54147,56873,205.758,1.050,3.392e-16,-,274,0
16,1024,8,z:il3d,nat-oop,53487,56227,208.297,1.051,3.392e-16,-,171,1
16,1024,16,z:il3d,nat-oop,115500,127362,204.268,1.103,4.496e-16,-,123,0
16,1024,16,z:il3d,nat-oop,120025,128250,196.567,1.069,4.496e-16,-,120,1
16,1024,32,z:il3d,nat-oop,237625,247975,209.605,1.044,9.043e-16,-,101,0
16,1024,32,z:il3d,nat-oop,239363,245050,208.083,1.024,9.043e-16,-,103,1
16,1024,64,z:il3d,nat-oop,436337,537062,240.313,1.231,1.165e-15,-,93,0
16,1024,64,z:il3d,nat-oop,448962,522912,233.555,1.165,1.165e-15,-,84,1
16,1024,128,z:il3d,nat-oop,2372750,1609000,92.804,0.678,1.720e-15,-,84,0
16,1024,128,z:il3d,nat-oop,2477312,1540600,88.887,0.622,1.720e-15,-,83,1
16,1024,256,z:il3d,nat-oop,6499475,6547150,70.986,1.007,3.570e-15,-,82,0
16,1024,256,z:il3d,nat-oop,6966613,6632900,66.226,0.952,3.570e-15,-,82,1
16,2048,2,z:il3d,nat-oop,55740,38777,94.060,0.696,5.022e-16,-,375,0
16,2048,2,z:il3d,nat-oop,54370,38007,96.430,0.699,5.022e-16,-,388,1
16,2048,4,z:il3d,nat-oop,85000,60720,131.072,0.714,4.493e-16,-,200,0
16,2048,4,z:il3d,nat-oop,86213,58960,129.227,0.684,4.493e-16,-,219,1
16,2048,8,z:il3d,nat-oop,111337,113350,211.905,1.018,4.888e-16,-,120,0
16,2048,8,z:il3d,nat-oop,111250,115412,212.072,1.037,4.888e-16,-,102,1
16,2048,16,z:il3d,nat-oop,230500,256687,216.084,1.114,9.462e-16,-,106,0
16,2048,16,z:il3d,nat-oop,219713,268788,226.693,1.223,9.462e-16,-,99,1
16,2048,32,z:il3d,nat-oop,595113,602050,176.198,1.012,9.174e-16,-,96,0
16,2048,32,z:il3d,nat-oop,610587,578838,171.732,0.948,9.174e-16,-,84,1
16,2048,64,z:il3d,nat-oop,2762350,1618725,79.715,0.586,1.502e-15,-,83,0
16,2048,64,z:il3d,nat-oop,2938588,1827475,74.934,0.622,1.502e-15,-,82,1
16,2048,128,z:il3d,nat-oop,9464975,6333975,48.745,0.669,3.554e-15,-,82,0
16,2048,128,z:il3d,nat-oop,9703238,7009738,47.548,0.722,3.554e-15,-,82,1
16,4096,2,z:il3d,nat-oop,59620,74593,186.869,1.251,4.732e-16,-,342,0
16,4096,2,z:il3d,nat-oop,59633,72880,186.827,1.222,4.732e-16,-,193,1
16,4096,4,z:il3d,nat-oop,115875,123763,203.607,1.068,5.512e-16,-,105,0
16,4096,4,z:il3d,nat-oop,115050,120437,205.067,1.047,5.512e-16,-,87,1
16,4096,8,z:il3d,nat-oop,228775,226850,217.713,0.992,8.943e-16,-,115,0
16,4096,8,z:il3d,nat-oop,228712,227588,217.773,0.995,8.943e-16,-,104,1
16,4096,16,z:il3d,nat-oop,770900,543700,136.020,0.705,1.122e-15,-,90,0
16,4096,16,z:il3d,nat-oop,954063,555937,109.906,0.583,1.122e-15,-,87,1
16,4096,32,z:il3d,nat-oop,2790100,1801212,78.922,0.646,1.503e-15,-,82,0
16,4096,32,z:il3d,nat-oop,2909262,1620200,75.690,0.557,1.503e-15,-,82,1
16,4096,64,z:il3d,nat-oop,8302137,6449825,55.573,0.777,3.246e-15,-,82,0
16,4096,64,z:il3d,nat-oop,7902075,6239163,58.386,0.790,3.246e-15,-,82,1
16,8192,2,z:il3d,nat-oop,215925,152225,109.265,0.705,5.437e-16,-,94,0
16,8192,2,z:il3d,nat-oop,210375,155087,112.147,0.737,5.437e-16,-,91,1
16,8192,4,z:il3d,nat-oop,216437,251025,230.124,1.160,9.446e-16,-,103,0
16,8192,4,z:il3d,nat-oop,222688,253162,223.665,1.137,9.446e-16,-,125,1
16,8192,8,z:il3d,nat-oop,586012,519000,178.934,0.886,1.217e-15,-,97,0
16,8192,8,z:il3d,nat-oop,665812,525475,157.488,0.789,1.217e-15,-,94,1
16,8192,16,z:il3d,nat-oop,2652900,1926713,83.004,0.726,1.700e-15,-,84,0
16,8192,16,z:il3d,nat-oop,2965538,1910050,74.253,0.644,1.700e-15,-,84,1
16,8192,32,z:il3d,nat-oop,9865088,6942700,46.768,0.704,3.431e-15,-,82,0
16,8192,32,z:il3d,nat-oop,9731888,6339625,47.408,0.651,3.431e-15,-,82,1
32,2,2,z:il3d,nat-oop,459,5932,9.756,12.919,1.661e-16,-,0,0
32,2,2,z:il3d,nat-oop,458,6114,9.787,13.355,1.661e-16,-,0,1
32,2,4,z:il3d,nat-oop,545,6961,18.800,12.780,2.591e-16,-,0,0
32,2,4,z:il3d,nat-oop,552,6961,18.542,12.605,2.591e-16,-,0,1
32,2,8,z:il3d,nat-oop,757,6444,30.451,8.517,2.274e-16,-,0,0
32,2,8,z:il3d,nat-oop,755,7468,30.502,9.886,2.274e-16,-,0,1
32,2,16,z:il3d,nat-oop,1241,7560,41.243,6.090,3.079e-16,-,0,0
32,2,16,z:il3d,nat-oop,1223,7241,41.867,5.921,3.079e-16,-,0,1
32,2,32,z:il3d,nat-oop,3071,9582,36.679,3.120,2.968e-16,-,0,0
32,2,32,z:il3d,nat-oop,2327,8090,48.398,3.476,2.968e-16,-,0,1
32,2,64,z:il3d,nat-oop,3594,18233,68.387,5.074,2.775e-16,-,6881,0
32,2,64,z:il3d,nat-oop,3560,18197,69.033,5.111,2.775e-16,-,6818,1
32,2,128,z:il3d,nat-oop,6731,14256,79.112,2.118,4.378e-16,-,3169,0
32,2,128,z:il3d,nat-oop,6455,15025,82.492,2.328,4.378e-16,-,3122,1
32,2,256,z:il3d,nat-oop,11916,23020,96.251,1.932,3.684e-16,-,2254,0
32,2,256,z:il3d,nat-oop,10631,21907,107.879,2.061,3.684e-16,-,1657,1
32,2,512,z:il3d,nat-oop,19233,61182,127.782,3.181,3.745e-16,-,756,0
32,2,512,z:il3d,nat-oop,18193,35749,135.082,1.965,3.745e-16,-,753,1
32,2,1024,z:il3d,nat-oop,29797,69647,175.955,2.337,4.141e-16,-,538,0
32,2,1024,z:il3d,nat-oop,30040,69630,174.530,2.318,4.141e-16,-,377,1
32,2,2048,z:il3d,nat-oop,53507,130193,208.219,2.433,3.741e-16,-,308,0
32,2,2048,z:il3d,nat-oop,54867,125867,203.058,2.294,3.741e-16,-,203,1
32,2,4096,z:il3d,nat-oop,121900,282288,193.544,2.316,5.095e-16,-,171,0
32,2,4096,z:il3d,nat-oop,119137,244213,198.031,2.050,5.095e-16,-,109,1
32,2,8192,z:il3d,nat-oop,234075,546525,212.784,2.335,8.802e-16,-,100,0
32,2,8192,z:il3d,nat-oop,228812,493062,217.678,2.155,8.802e-16,-,102,1
32,4,2,z:il3d,nat-oop,552,6783,18.564,12.297,2.307e-16,-,0,0
32,4,2,z:il3d,nat-oop,546,7341,18.749,13.440,2.307e-16,-,0,1
32,4,4,z:il3d,nat-oop,707,5855,32.589,8.281,2.955e-16,-,0,0
32,4,4,z:il3d,nat-oop,706,6090,32.628,8.625,2.955e-16,-,0,1
32,4,8,z:il3d,nat-oop,1063,6577,48.173,6.188,2.045e-16,-,0,0
32,4,8,z:il3d,nat-oop,1079,6160,47.472,5.711,2.045e-16,-,0,1
32,4,16,z:il3d,nat-oop,2767,9058,40.714,3.274,3.097e-16,-,0,0
32,4,16,z:il3d,nat-oop,2711,7653,41.551,2.823,3.097e-16,-,0,1
32,4,32,z:il3d,nat-oop,4873,7714,50.434,1.583,2.831e-16,-,0,0
32,4,32,z:il3d,nat-oop,4978,7697,49.368,1.546,2.831e-16,-,0,1
32,4,64,z:il3d,nat-oop,6944,10556,76.684,1.520,2.879e-16,-,2782,0
32,4,64,z:il3d,nat-oop,6259,10425,85.080,1.666,2.879e-16,-,2486,1
32,4,128,z:il3d,nat-oop,10695,17000,107.234,1.590,3.345e-16,-,1252,0
32,4,128,z:il3d,nat-oop,12208,15897,93.943,1.302,3.345e-16,-,1266,1
32,4,256,z:il3d,nat-oop,17487,25090,140.540,1.435,3.565e-16,-,875,0
32,4,256,z:il3d,nat-oop,22374,27143,109.843,1.213,3.565e-16,-,615,1
32,4,512,z:il3d,nat-oop,33963,41423,154.369,1.220,5.187e-16,-,303,0
32,4,512,z:il3d,nat-oop,151937,40620,34.507,0.267,5.187e-16,-,302,1
32,4,1024,z:il3d,nat-oop,50600,72927,220.180,1.441,4.322e-16,-,223,0
32,4,1024,z:il3d,nat-oop,51247,72007,217.402,1.405,4.322e-16,-,227,1
32,4,2048,z:il3d,nat-oop,103800,144875,227.292,1.396,3.651e-16,-,86,0
32,4,2048,z:il3d,nat-oop,108663,143137,217.121,1.317,3.651e-16,-,82,1
32,4,4096,z:il3d,nat-oop,212788,284663,234.071,1.338,9.103e-16,-,104,0
32,4,4096,z:il3d,nat-oop,207587,279837,239.934,1.348,9.103e-16,-,107,1
32,4,8192,z:il3d,nat-oop,420750,596825,249.216,1.418,1.207e-15,-,101,0
32,4,8192,z:il3d,nat-oop,414212,663662,253.149,1.602,1.207e-15,-,90,1
32,8,2,z:il3d,nat-oop,740,3140,31.121,4.241,2.063e-16,-,0,0
32,8,2,z:il3d,nat-oop,742,2998,31.072,4.043,2.063e-16,-,0,1
32,8,4,z:il3d,nat-oop,1079,3124,47.450,2.895,2.629e-16,-,0,0
32,8,4,z:il3d,nat-oop,1093,3154,46.838,2.885,2.629e-16,-,0,1
32,8,8,z:il3d,nat-oop,2200,3552,51.200,1.615,2.911e-16,-,0,0
32,8,8,z:il3d,nat-oop,2436,3548,46.242,1.457,2.911e-16,-,0,1
32,8,16,z:il3d,nat-oop,3308,4556,74.288,1.377,2.994e-16,-,6160,0
32,8,16,z:il3d,nat-oop,3224,4517,76.239,1.401,2.994e-16,-,6306,1
32,8,32,z:il3d,nat-oop,6618,5627,80.464,0.850,3.175e-16,-,3161,0
32,8,32,z:il3d,nat-oop,6235,5416,85.404,0.869,3.175e-16,-,3210,1
32,8,64,z:il3d,nat-oop,12122,10202,94.610,0.842,3.130e-16,-,1602,0
32,8,64,z:il3d,nat-oop,11597,10177,98.897,0.878,3.130e-16,-,1460,1
32,8,128,z:il3d,nat-oop,22246,16952,110.474,0.762,4.877e-16,-,735,0
32,8,128,z:il3d,nat-oop,21084,17289,116.564,0.820,4.877e-16,-,763,1
32,8,256,z:il3d,nat-oop,26753,25027,195.971,0.935,4.177e-16,-,533,0
32,8,256,z:il3d,nat-oop,25260,24357,207.557,0.964,4.177e-16,-,382,1
32,8,512,z:il3d,nat-oop,49600,47713,224.619,0.962,4.717e-16,-,239,0
32,8,512,z:il3d,nat-oop,50200,46900,221.935,0.934,4.717e-16,-,209,1
32,8,1024,z:il3d,nat-oop,98725,94050,238.977,0.953,4.211e-16,-,130,0
32,8,1024,z:il3d,nat-oop,99600,93412,236.877,0.938,4.211e-16,-,102,1
32,8,2048,z:il3d,nat-oop,205350,211762,242.549,1.031,8.142e-16,-,112,0
32,8,2048,z:il3d,nat-oop,206025,192225,241.754,0.933,8.142e-16,-,90,1
32,8,4096,z:il3d,nat-oop,442862,501137,236.772,1.132,1.215e-15,-,97,0
32,8,4096,z:il3d,nat-oop,401275,422112,261.311,1.052,1.215e-15,-,91,1
32,8,8192,z:il3d,nat-oop,1346862,1433263,163.492,1.064,1.290e-15,-,83,0
32,8,8192,z:il3d,nat-oop,1295463,1185425,169.979,0.915,1.290e-15,-,84,1
32,16,2,z:il3d,nat-oop,1441,3586,35.535,2.489,2.500e-16,-,0,0
32,16,2,z:il3d,nat-oop,1158,3288,44.221,2.840,2.500e-16,-,0,1
32,16,4,z:il3d,nat-oop,1831,4574,61.517,2.498,3.044e-16,-,14406,0
32,16,4,z:il3d,nat-oop,1669,4236,67.483,2.538,3.044e-16,-,12068,1
32,16,8,z:il3d,nat-oop,4768,5154,51.541,1.081,2.542e-16,-,0,0
32,16,8,z:il3d,nat-oop,4736,5082,51.887,1.073,2.542e-16,-,0,1
32,16,16,z:il3d,nat-oop,7329,5142,72.653,0.702,2.861e-16,-,4219,0
32,16,16,z:il3d,nat-oop,6632,4860,80.285,0.733,2.861e-16,-,3066,1
32,16,32,z:il3d,nat-oop,12353,7748,92.840,0.627,3.565e-16,-,1578,0
32,16,32,z:il3d,nat-oop,10784,7230,106.346,0.670,3.565e-16,-,1498,1
32,16,64,z:il3d,nat-oop,18954,15730,129.661,0.830,3.483e-16,-,837,0
32,16,64,z:il3d,nat-oop,23010,15510,106.806,0.674,3.483e-16,-,823,1
32,16,128,z:il3d,nat-oop,27097,21830,193.488,0.806,3.442e-16,-,447,0
32,16,128,z:il3d,nat-oop,26233,21553,199.856,0.822,3.442e-16,-,511,1
32,16,256,z:il3d,nat-oop,49907,57687,223.239,1.156,4.517e-16,-,230,0
32,16,256,z:il3d,nat-oop,50633,58053,220.035,1.147,4.517e-16,-,230,1
32,16,512,z:il3d,nat-oop,102475,117475,230.231,1.146,4.227e-16,-,125,0
32,16,512,z:il3d,nat-oop,108825,118387,216.797,1.088,4.227e-16,-,110,1
32,16,1024,z:il3d,nat-oop,190375,228700,261.628,1.201,8.465e-16,-,114,0
32,16,1024,z:il3d,nat-oop,184725,242100,269.630,1.311,8.465e-16,-,113,1
32,16,2048,z:il3d,nat-oop,464750,503125,225.622,1.083,1.152e-15,-,91,0
32,16,2048,z:il3d,nat-oop,481312,448087,217.858,0.931,1.152e-15,-,98,1
32,16,4096,z:il3d,nat-oop,1466175,1160388,150.187,0.791,1.228e-15,-,84,0
32,16,4096,z:il3d,nat-oop,1590725,1307525,138.428,0.822,1.228e-15,-,85,1
32,16,8192,z:il3d,nat-oop,4345013,4528362,106.185,1.042,2.869e-15,-,83,0
32,16,8192,z:il3d,nat-oop,4082263,4499912,113.019,1.102,2.869e-15,-,82,1
32,32,2,z:il3d,nat-oop,1911,5012,58.941,2.622,3.077e-16,-,16782,0
32,32,2,z:il3d,nat-oop,1667,3511,67.574,2.106,3.077e-16,-,12919,1
32,32,4,z:il3d,nat-oop,3549,7311,69.240,2.060,2.549e-16,-,5923,0
32,32,4,z:il3d,nat-oop,4602,7097,53.400,1.542,2.549e-16,-,5398,1
32,32,8,z:il3d,nat-oop,7364,8040,72.313,1.092,3.358e-16,-,3189,0
32,32,8,z:il3d,nat-oop,7031,8154,75.732,1.160,3.358e-16,-,3112,1
32,32,16,z:il3d,nat-oop,10773,8889,106.459,0.825,3.751e-16,-,1548,0
32,32,16,z:il3d,nat-oop,12182,7989,94.146,0.656,3.751e-16,-,1448,1
32,32,32,z:il3d,nat-oop,19613,13500,125.304,0.688,3.528e-16,-,838,0
32,32,32,z:il3d,nat-oop,24849,14405,98.901,0.580,3.528e-16,-,612,1
32,32,64,z:il3d,nat-oop,27723,21223,189.114,0.766,3.333e-16,-,600,0
32,32,64,z:il3d,nat-oop,31237,21600,167.844,0.691,3.333e-16,-,311,1
32,32,128,z:il3d,nat-oop,53653,57613,207.650,1.074,3.842e-16,-,262,0
32,32,128,z:il3d,nat-oop,59620,61007,186.869,1.023,3.842e-16,-,224,1
32,32,256,z:il3d,nat-oop,104225,123912,226.366,1.189,4.233e-16,-,162,0
32,32,256,z:il3d,nat-oop,106937,123475,220.624,1.155,4.233e-16,-,135,1
32,32,512,z:il3d,nat-oop,234587,263913,212.319,1.125,9.156e-16,-,83,0
32,32,512,z:il3d,nat-oop,248688,238900,200.281,0.961,9.156e-16,-,83,1
32,32,1024,z:il3d,nat-oop,463975,486912,225.998,1.049,1.297e-15,-,90,0
32,32,1024,z:il3d,nat-oop,453350,464538,231.295,1.025,1.297e-15,-,82,1
32,32,2048,z:il3d,nat-oop,1351050,1256513,162.985,0.930,1.815e-15,-,82,0
32,32,2048,z:il3d,nat-oop,1321750,1632162,166.598,1.235,1.815e-15,-,86,1
32,32,4096,z:il3d,nat-oop,4119200,4420575,112.006,1.073,3.033e-15,-,82,0
32,32,4096,z:il3d,nat-oop,4093300,4506975,112.714,1.101,3.033e-15,-,82,1
32,64,2,z:il3d,nat-oop,3731,6990,65.871,1.873,3.969e-16,-,5896,0
32,64,2,z:il3d,nat-oop,4083,4254,60.188,1.042,3.969e-16,-,6476,1
32,64,4,z:il3d,nat-oop,6739,11107,79.011,1.648,4.429e-16,-,3115,0
32,64,4,z:il3d,nat-oop,7401,6995,71.945,0.945,4.429e-16,-,2469,1
32,64,8,z:il3d,nat-oop,11839,16122,96.877,1.362,3.981e-16,-,1536,0
32,64,8,z:il3d,nat-oop,12670,14111,90.516,1.114,3.981e-16,-,1548,1
32,64,16,z:il3d,nat-oop,21252,16780,115.638,0.790,3.822e-16,-,793,0
32,64,16,z:il3d,nat-oop,30448,15300,80.716,0.503,3.822e-16,-,661,1
32,64,32,z:il3d,nat-oop,30110,21660,174.124,0.719,2.930e-16,-,453,0
32,64,32,z:il3d,nat-oop,31980,20990,163.942,0.656,2.930e-16,-,368,1
32,64,64,z:il3d,nat-oop,55060,52853,202.345,0.960,3.603e-16,-,228,0
32,64,64,z:il3d,nat-oop,55420,53280,201.031,0.961,3.603e-16,-,211,1
32,64,128,z:il3d,nat-oop,116175,115700,203.081,0.996,4.530e-16,-,82,0
32,64,128,z:il3d,nat-oop,117850,116250,200.195,0.986,4.530e-16,-,144,1
32,64,256,z:il3d,nat-oop,217425,254613,229.078,1.171,1.028e-15,-,85,0
32,64,256,z:il3d,nat-oop,222925,257900,223.427,1.157,1.028e-15,-,82,1
32,64,512,z:il3d,nat-oop,504550,573900,207.824,1.137,1.210e-15,-,89,0
32,64,512,z:il3d,nat-oop,450362,584350,232.829,1.298,1.210e-15,-,82,1
32,64,1024,z:il3d,nat-oop,1870750,1430013,117.707,0.764,1.266e-15,-,82,0
32,64,1024,z:il3d,nat-oop,1775925,1461737,123.992,0.823,1.266e-15,-,83,1
32,64,2048,z:il3d,nat-oop,4949588,4803100,93.215,0.970,2.690e-15,-,83,0
32,64,2048,z:il3d,nat-oop,4375063,4696662,105.455,1.074,2.690e-15,-,82,1
32,128,2,z:il3d,nat-oop,9959,11426,53.469,1.147,3.774e-16,-,3089,0
32,128,2,z:il3d,nat-oop,9960,6165,53.463,0.619,3.774e-16,-,2616,1
32,128,4,z:il3d,nat-oop,12480,21815,91.901,1.748,3.818e-16,-,1568,0
32,128,4,z:il3d,nat-oop,13040,9758,87.950,0.748,3.818e-16,-,1222,1
32,128,8,z:il3d,nat-oop,19323,26630,127.186,1.378,3.575e-16,-,1025,0
32,128,8,z:il3d,nat-oop,22431,27289,109.562,1.217,3.575e-16,-,627,1
32,128,16,z:il3d,nat-oop,32070,22440,163.482,0.700,4.283e-16,-,437,0
32,128,16,z:il3d,nat-oop,31037,21007,168.925,0.677,4.283e-16,-,399,1
32,128,32,z:il3d,nat-oop,62033,53613,179.599,0.864,3.520e-16,-,231,0
32,128,32,z:il3d,nat-oop,74920,53060,148.707,0.708,3.520e-16,-,231,1
32,128,64,z:il3d,nat-oop,110813,116550,212.909,1.052,4.855e-16,-,159,0
32,128,64,z:il3d,nat-oop,111525,115725,211.549,1.038,4.855e-16,-,82,1
32,128,128,z:il3d,nat-oop,238575,236087,208.770,0.990,8.935e-16,-,101,0
32,128,128,z:il3d,nat-oop,278175,236000,179.050,0.848,8.935e-16,-,106,1
32,128,256,z:il3d,nat-oop,406175,489550,258.159,1.205,1.159e-15,-,92,0
