library,N,l2_error,max_error,rt_error
VectorFFT,2x64,1.564e-16,1.419e-16,3.338e-16
MKL,2x64,1.780e-16,1.789e-16,5.564e-16
VectorFFT,2x128,1.712e-16,1.818e-16,7.231e-16
MKL,2x128,1.865e-16,1.723e-16,4.450e-16
VectorFFT,2x256,1.766e-16,2.605e-16,6.675e-16
MKL,2x256,2.151e-16,2.797e-16,6.119e-16
VectorFFT,2x512,1.971e-16,2.200e-16,6.670e-16
MKL,2x512,2.371e-16,2.897e-16,1.000e-15
VectorFFT,3x64,2.119e-16,2.376e-16,5.154e-16
MKL,3x64,1.705e-16,2.596e-16,5.075e-16
VectorFFT,3x128,2.210e-16,2.606e-16,6.863e-16
MKL,3x128,1.999e-16,2.848e-16,7.212e-16
VectorFFT,3x256,2.404e-16,2.099e-16,7.818e-16
MKL,3x256,2.296e-16,3.056e-16,7.503e-16
VectorFFT,3x512,2.536e-16,2.821e-16,8.411e-16
MKL,3x512,2.552e-16,2.712e-16,8.976e-16
VectorFFT,5x64,1.976e-16,2.110e-16,5.545e-16
MKL,5x64,1.742e-16,1.998e-16,5.359e-16
VectorFFT,5x128,2.153e-16,2.574e-16,7.998e-16
MKL,5x128,2.080e-16,2.471e-16,5.792e-16
VectorFFT,5x256,2.218e-16,2.170e-16,9.127e-16
MKL,5x256,2.283e-16,2.543e-16,7.365e-16
VectorFFT,5x512,2.380e-16,2.865e-16,9.193e-16
MKL,5x512,2.528e-16,3.349e-16,9.343e-16
VectorFFT,6x64,2.493e-16,2.770e-16,7.929e-16
MKL,6x64,1.910e-16,1.943e-16,6.356e-16
VectorFFT,6x128,2.592e-16,3.611e-16,8.380e-16
MKL,6x128,2.133e-16,2.583e-16,7.169e-16
VectorFFT,6x256,2.650e-16,2.813e-16,8.046e-16
MKL,6x256,2.442e-16,2.752e-16,1.089e-15
VectorFFT,6x512,2.807e-16,3.014e-16,1.086e-15
MKL,6x512,2.604e-16,3.235e-16,1.016e-15
VectorFFT,7x64,1.978e-16,2.186e-16,5.676e-16
MKL,7x64,1.861e-16,1.940e-16,5.720e-16
VectorFFT,7x128,2.163e-16,1.949e-16,6.038e-16
MKL,7x128,2.107e-16,2.362e-16,6.883e-16
VectorFFT,7x256,2.239e-16,2.533e-16,7.092e-16
MKL,7x256,2.264e-16,2.576e-16,1.029e-15
VectorFFT,7x512,2.385e-16,2.795e-16,1.101e-15
MKL,7x512,2.561e-16,3.017e-16,1.102e-15
VectorFFT,9x64,3.048e-16,4.062e-16,7.939e-16
MKL,9x64,1.981e-16,2.144e-16,6.944e-16
VectorFFT,9x128,3.106e-16,4.053e-16,7.987e-16
MKL,9x128,2.319e-16,2.858e-16,7.806e-16
VectorFFT,9x256,3.213e-16,3.341e-16,9.784e-16
MKL,9x256,2.652e-16,3.405e-16,9.353e-16
VectorFFT,9x512,3.254e-16,3.737e-16,9.973e-16
MKL,9x512,2.934e-16,3.973e-16,1.326e-15
VectorFFT,10x64,2.173e-16,2.608e-16,6.147e-16
MKL,10x64,1.849e-16,1.908e-16,6.236e-16
VectorFFT,10x128,2.279e-16,2.607e-16,7.557e-16
MKL,10x128,2.133e-16,2.154e-16,7.447e-16
VectorFFT,10x256,2.365e-16,2.359e-16,9.283e-16
MKL,10x256,2.294e-16,2.538e-16,7.045e-16
VectorFFT,10x512,2.529e-16,2.467e-16,1.015e-15
MKL,10x512,2.576e-16,3.000e-16,9.243e-16
VectorFFT,11x64,2.440e-16,3.079e-16,8.474e-16
MKL,11x64,1.998e-16,2.323e-16,7.114e-16
VectorFFT,11x128,2.507e-16,2.893e-16,9.201e-16
MKL,11x128,2.118e-16,2.530e-16,6.415e-16
VectorFFT,11x256,2.660e-16,3.305e-16,8.125e-16
MKL,11x256,2.358e-16,2.745e-16,9.237e-16
VectorFFT,11x512,2.740e-16,2.747e-16,1.005e-15
MKL,11x512,2.602e-16,3.149e-16,9.838e-16
VectorFFT,12x64,2.807e-16,2.948e-16,8.635e-16
MKL,12x64,1.813e-16,1.831e-16,5.858e-16
VectorFFT,12x128,2.991e-16,3.469e-16,9.998e-16
MKL,12x128,2.245e-16,2.894e-16,9.411e-16
VectorFFT,12x256,2.910e-16,4.470e-16,9.238e-16
MKL,12x256,2.375e-16,3.179e-16,1.046e-15
VectorFFT,12x512,3.082e-16,3.698e-16,1.014e-15
MKL,12x512,2.654e-16,3.525e-16,1.202e-15
VectorFFT,13x64,3.456e-16,4.592e-16,1.038e-15
MKL,13x64,3.927e-16,3.500e-16,1.285e-15
VectorFFT,13x128,3.641e-16,5.494e-16,1.194e-15
MKL,13x128,4.610e-16,4.623e-16,1.603e-15
VectorFFT,13x256,3.690e-16,4.005e-16,1.546e-15
MKL,13x256,4.666e-16,4.196e-16,1.858e-15
VectorFFT,13x512,3.694e-16,4.914e-16,1.326e-15
MKL,13x512,4.941e-16,4.721e-16,1.945e-15
VectorFFT,14x64,2.235e-16,2.164e-16,6.705e-16
MKL,14x64,1.839e-16,1.868e-16,5.811e-16
VectorFFT,14x128,2.370e-16,2.384e-16,7.144e-16
MKL,14x128,2.151e-16,2.356e-16,8.086e-16
VectorFFT,14x256,2.301e-16,2.684e-16,8.289e-16
MKL,14x256,2.366e-16,3.199e-16,9.437e-16
VectorFFT,14x512,2.455e-16,2.677e-16,8.882e-16
MKL,14x512,2.616e-16,3.216e-16,1.069e-15
VectorFFT,15x64,2.688e-16,2.759e-16,8.451e-16
MKL,15x64,1.989e-16,1.973e-16,6.406e-16
VectorFFT,15x128,2.727e-16,3.265e-16,7.953e-16
MKL,15x128,2.246e-16,2.817e-16,7.789e-16
VectorFFT,15x256,2.830e-16,3.457e-16,9.495e-16
MKL,15x256,2.534e-16,3.178e-16,9.065e-16
VectorFFT,15x512,2.927e-16,3.493e-16,1.329e-15
MKL,15x512,2.750e-16,3.297e-16,1.018e-15
VectorFFT,17x64,3.896e-16,4.087e-16,1.128e-15
MKL,17x64,2.875e-16,3.009e-16,9.744e-16
VectorFFT,17x128,4.077e-16,4.919e-16,1.100e-15
MKL,17x128,2.906e-16,3.385e-16,8.221e-16
VectorFFT,17x256,4.060e-16,4.753e-16,1.217e-15
MKL,17x256,3.045e-16,3.646e-16,9.022e-16
VectorFFT,17x512,4.077e-16,6.487e-16,1.339e-15
MKL,17x512,3.294e-16,3.456e-16,1.148e-15
VectorFFT,19x64,2.934e-16,2.701e-16,7.763e-16
MKL,19x64,3.615e-16,3.774e-16,1.126e-15
VectorFFT,19x128,3.106e-16,3.276e-16,1.039e-15
MKL,19x128,4.081e-16,4.704e-16,1.448e-15
VectorFFT,19x256,3.129e-16,2.953e-16,1.047e-15
MKL,19x256,4.278e-16,4.420e-16,1.490e-15
VectorFFT,19x512,3.257e-16,3.825e-16,1.072e-15
MKL,19x512,4.483e-16,5.438e-16,1.838e-15
VectorFFT,21x64,3.224e-16,3.703e-16,8.692e-16
MKL,21x64,2.013e-16,1.899e-16,7.186e-16
VectorFFT,21x128,3.317e-16,3.809e-16,1.262e-15
MKL,21x128,2.266e-16,2.519e-16,7.953e-16
VectorFFT,21x256,3.380e-16,4.293e-16,1.154e-15
MKL,21x256,2.494e-16,2.885e-16,1.080e-15
VectorFFT,21x512,3.499e-16,4.111e-16,1.297e-15
MKL,21x512,2.763e-16,3.519e-16,1.126e-15
VectorFFT,22x64,2.657e-16,2.736e-16,8.112e-16
MKL,22x64,1.922e-16,1.932e-16,6.356e-16
VectorFFT,22x128,2.765e-16,3.860e-16,9.781e-16
MKL,22x128,1.978e-16,2.232e-16,6.767e-16
VectorFFT,22x256,2.784e-16,3.147e-16,1.031e-15
MKL,22x256,2.090e-16,2.407e-16,6.855e-16
VectorFFT,22x512,2.893e-16,3.102e-16,1.096e-15
MKL,22x512,2.186e-16,2.662e-16,7.832e-16
VectorFFT,23x64,3.553e-16,3.674e-16,1.111e-15
MKL,23x64,7.065e-16,7.489e-16,2.169e-15
VectorFFT,23x128,3.631e-16,4.445e-16,1.348e-15
MKL,23x128,6.672e-16,6.992e-16,2.109e-15
VectorFFT,23x256,3.637e-16,3.886e-16,1.203e-15
MKL,23x256,6.692e-16,8.011e-16,1.857e-15
VectorFFT,23x512,3.770e-16,4.647e-16,1.411e-15
MKL,23x512,6.634e-16,7.352e-16,2.093e-15
VectorFFT,25x64,2.589e-16,2.814e-16,8.270e-16
MKL,25x64,2.095e-16,3.202e-16,6.390e-16
VectorFFT,25x128,3.660e-16,4.956e-16,1.405e-15
MKL,25x128,2.140e-16,3.040e-16,6.691e-16
VectorFFT,25x256,2.738e-16,3.639e-16,1.114e-15
MKL,25x256,2.222e-16,2.579e-16,8.609e-16
VectorFFT,25x512,3.812e-16,4.329e-16,1.317e-15
MKL,25x512,2.298e-16,3.146e-16,8.805e-16
VectorFFT,26x64,3.780e-16,4.125e-16,1.382e-15
MKL,26x64,3.781e-16,3.706e-16,1.045e-15
VectorFFT,26x128,3.891e-16,5.406e-16,1.575e-15
MKL,26x128,4.276e-16,4.930e-16,1.418e-15
VectorFFT,26x256,3.941e-16,4.609e-16,1.486e-15
MKL,26x256,4.463e-16,4.843e-16,1.502e-15
VectorFFT,26x512,4.046e-16,6.387e-16,1.665e-15
MKL,26x512,4.743e-16,5.729e-16,1.591e-15
VectorFFT,27x64,3.492e-16,3.574e-16,1.233e-15
MKL,27x64,2.020e-16,2.167e-16,5.878e-16
VectorFFT,27x128,3.530e-16,3.461e-16,1.246e-15
MKL,27x128,2.131e-16,2.505e-16,7.113e-16
VectorFFT,27x256,3.602e-16,3.670e-16,1.344e-15
MKL,27x256,2.207e-16,2.434e-16,7.256e-16
VectorFFT,27x512,3.667e-16,3.952e-16,1.221e-15
MKL,27x512,2.262e-16,2.889e-16,8.299e-16
VectorFFT,29x64,3.378e-16,4.183e-16,9.615e-16
MKL,29x64,3.261e-16,4.120e-16,9.618e-16
VectorFFT,29x128,3.380e-16,3.745e-16,1.004e-15
MKL,29x128,3.531e-16,3.577e-16,1.092e-15
VectorFFT,29x256,3.501e-16,3.986e-16,1.082e-15
MKL,29x256,3.738e-16,3.873e-16,1.420e-15
VectorFFT,29x512,3.605e-16,4.125e-16,1.306e-15
MKL,29x512,3.886e-16,4.908e-16,1.678e-15
VectorFFT,31x64,3.617e-16,3.803e-16,1.113e-15
MKL,31x64,3.836e-16,3.676e-16,1.035e-15
VectorFFT,31x128,3.720e-16,4.214e-16,1.314e-15
MKL,31x128,4.113e-16,4.162e-16,1.167e-15
VectorFFT,31x256,3.733e-16,3.987e-16,1.337e-15
MKL,31x256,4.269e-16,5.027e-16,1.209e-15
VectorFFT,31x512,3.830e-16,4.046e-16,1.335e-15
MKL,31x512,4.458e-16,4.896e-16,1.347e-15
VectorFFT,33x64,3.065e-16,3.827e-16,9.743e-16
MKL,33x64,2.093e-16,2.743e-16,6.803e-16
VectorFFT,33x128,3.140e-16,3.119e-16,1.124e-15
MKL,33x128,2.396e-16,2.619e-16,7.855e-16
VectorFFT,33x256,3.174e-16,3.021e-16,1.055e-15
MKL,33x256,2.572e-16,2.973e-16,9.220e-16
VectorFFT,33x512,3.238e-16,3.776e-16,1.169e-15
MKL,33x512,2.798e-16,3.952e-16,1.179e-15
VectorFFT,35x64,2.545e-16,2.828e-16,7.772e-16
MKL,35x64,2.345e-16,3.549e-16,7.936e-16
VectorFFT,35x128,2.647e-16,2.695e-16,9.621e-16
MKL,35x128,2.408e-16,2.865e-16,8.863e-16
VectorFFT,35x256,2.740e-16,2.886e-16,1.010e-15
MKL,35x256,2.431e-16,2.536e-16,8.202e-16
VectorFFT,35x512,2.827e-16,2.796e-16,1.273e-15
MKL,35x512,2.496e-16,2.745e-16,9.801e-16
VectorFFT,37x64,3.317e-16,3.053e-16,1.186e-15
MKL,37x64,7.131e-16,6.718e-16,2.190e-15
VectorFFT,37x128,3.364e-16,3.476e-16,1.289e-15
MKL,37x128,7.728e-16,8.576e-16,2.544e-15
VectorFFT,37x256,3.457e-16,3.945e-16,1.413e-15
MKL,37x256,7.880e-16,8.426e-16,2.633e-15
VectorFFT,37x512,3.515e-16,3.220e-16,1.282e-15
MKL,37x512,8.158e-16,7.865e-16,2.751e-15
VectorFFT,39x64,3.893e-16,5.236e-16,1.236e-15
MKL,39x64,3.978e-16,4.318e-16,1.375e-15
VectorFFT,39x128,3.983e-16,4.805e-16,1.273e-15
MKL,39x128,4.514e-16,4.938e-16,1.474e-15
VectorFFT,39x256,4.012e-16,4.602e-16,1.586e-15
MKL,39x256,4.672e-16,4.844e-16,1.690e-15
VectorFFT,39x512,4.109e-16,5.333e-16,1.443e-15
MKL,39x512,4.917e-16,4.873e-16,1.990e-15
VectorFFT,41x64,3.140e-16,2.796e-16,8.802e-16
MKL,41x64,4.389e-16,4.211e-16,1.329e-15
VectorFFT,41x128,3.240e-16,3.813e-16,1.090e-15
MKL,41x128,4.188e-16,4.599e-16,1.295e-15
VectorFFT,41x256,3.227e-16,4.099e-16,1.230e-15
MKL,41x256,4.256e-16,4.468e-16,1.531e-15
VectorFFT,41x512,3.360e-16,3.827e-16,1.366e-15
MKL,41x512,4.305e-16,5.023e-16,1.331e-15
VectorFFT,43x64,3.609e-16,4.305e-16,1.101e-15
MKL,43x64,4.027e-16,3.934e-16,1.146e-15
VectorFFT,43x128,3.608e-16,4.656e-16,1.374e-15
MKL,43x128,4.292e-16,4.123e-16,1.526e-15
VectorFFT,43x256,3.680e-16,3.986e-16,1.295e-15
MKL,43x256,4.381e-16,4.571e-16,1.628e-15
VectorFFT,43x512,3.746e-16,3.928e-16,1.292e-15
MKL,43x512,4.588e-16,5.373e-16,1.727e-15
VectorFFT,44x64,2.650e-16,2.786e-16,8.984e-16
MKL,44x64,2.375e-16,3.085e-16,7.894e-16
VectorFFT,44x128,2.696e-16,3.134e-16,1.016e-15
MKL,44x128,2.386e-16,2.910e-16,8.512e-16
VectorFFT,44x256,2.801e-16,3.466e-16,1.057e-15
MKL,44x256,2.484e-16,2.525e-16,8.743e-16
VectorFFT,44x512,2.913e-16,2.985e-16,1.052e-15
MKL,44x512,2.529e-16,2.952e-16,9.231e-16
VectorFFT,45x64,3.422e-16,3.691e-16,9.645e-16
MKL,45x64,2.308e-16,2.204e-16,7.643e-16
VectorFFT,45x128,3.468e-16,3.763e-16,1.124e-15
MKL,45x128,2.384e-16,3.026e-16,7.707e-16
VectorFFT,45x256,3.523e-16,4.060e-16,1.077e-15
MKL,45x256,2.434e-16,2.510e-16,7.976e-16
VectorFFT,45x512,3.619e-16,3.794e-16,1.255e-15
MKL,45x512,2.507e-16,3.015e-16,9.526e-16
VectorFFT,46x64,3.548e-16,4.948e-16,1.156e-15
MKL,46x64,6.112e-16,7.033e-16,1.740e-15
VectorFFT,46x128,3.613e-16,4.593e-16,1.276e-15
MKL,46x128,5.968e-16,6.488e-16,1.761e-15
VectorFFT,46x256,3.699e-16,3.690e-16,1.315e-15
MKL,46x256,5.960e-16,5.557e-16,1.875e-15
VectorFFT,46x512,3.798e-16,4.311e-16,1.357e-15
MKL,46x512,5.951e-16,6.443e-16,2.006e-15
VectorFFT,47x64,3.451e-16,3.124e-16,1.135e-15
MKL,47x64,1.248e-15,1.038e-15,3.101e-15
VectorFFT,47x128,3.586e-16,3.227e-16,1.193e-15
MKL,47x128,1.274e-15,1.200e-15,2.964e-15
VectorFFT,47x256,3.585e-16,3.053e-16,1.202e-15
MKL,47x256,1.273e-15,1.436e-15,3.371e-15
VectorFFT,47x512,3.668e-16,3.857e-16,1.342e-15
MKL,47x512,1.283e-15,1.466e-15,3.154e-15
VectorFFT,58x64,3.469e-16,4.410e-16,1.033e-15
MKL,58x64,3.349e-16,3.403e-16,1.127e-15
VectorFFT,58x128,3.535e-16,3.859e-16,1.225e-15
MKL,58x128,3.289e-16,3.091e-16,9.961e-16
VectorFFT,58x256,3.602e-16,4.804e-16,1.229e-15
MKL,58x256,3.379e-16,3.523e-16,1.208e-15
VectorFFT,58x512,3.673e-16,3.358e-16,1.419e-15
MKL,58x512,3.514e-16,3.423e-16,1.307e-15
VectorFFT,62x64,3.746e-16,5.046e-16,1.119e-15
MKL,62x64,3.448e-16,3.427e-16,9.588e-16
VectorFFT,62x128,3.776e-16,4.727e-16,1.262e-15
MKL,62x128,3.636e-16,3.770e-16,1.052e-15
VectorFFT,62x256,3.830e-16,4.518e-16,1.341e-15
MKL,62x256,3.759e-16,4.102e-16,1.181e-15
VectorFFT,62x512,3.916e-16,4.018e-16,1.471e-15
MKL,62x512,3.952e-16,3.807e-16,1.334e-15
VectorFFT,94x64,3.548e-16,3.583e-16,1.104e-15
MKL,94x64,2.710e-16,3.166e-16,9.207e-16
VectorFFT,94x128,3.626e-16,3.759e-16,1.220e-15
MKL,94x128,2.841e-16,3.450e-16,1.061e-15
VectorFFT,94x256,3.685e-16,4.668e-16,1.277e-15
MKL,94x256,2.985e-16,3.172e-16,1.146e-15
VectorFFT,94x512,3.782e-16,3.689e-16,1.420e-15
MKL,94x512,3.171e-16,3.740e-16,1.394e-15
